species,strain,treat,day,density,aspect_ratio,size,speed,linearity
Spiro,Spiro_C,C,3.1,8.87951807228916,4.46375,3.4001592196351766,33.1925,0.626408380004126
Spiro,Spiro_C,C,4.1,17.4698795180723,4.032,3.4738586740816273,39.5533333333333,0.703432703081243
Spiro,Spiro_C,C,5.1,16.8674698795181,4.565,3.4251336968402906,45.2914285714286,0.807245183612511
Spiro,Spiro_C,C,6.1,9.57831325301205,5.02333333333333,3.4769819364421193,39.4477777777778,0.592524772343665
Spiro,Spiro_C,C,7.1,20.0722891566265,5.20611111111111,3.4058917557344515,33.4277777777778,0.590319966336756
Spiro,Spiro_C,C,8.1,32.3493975903614,4.57161290322581,3.3497411291342747,25.3932258064516,0.560526345180246
Spiro,Spiro_C,C,9,44.4939759036145,4.01024390243902,3.405888644857672,29.6329268292683,0.593284207572215
Spiro,Spiro_C,C,10,47.4939759036145,4.92586956521739,3.3187217667117763,32.8995652173913,0.542960560927626
Spiro,Spiro_C,C,11,57.1204819277108,5.05754716981132,3.328516191020162,27.4352830188679,0.587066999284339
Spiro,Spiro_C,C,12,38.2650602409639,4.82428571428571,3.3166847698766686,34.3282857142857,0.749784774336095
Spiro,Spiro_C,C,13,66.8313253012048,4.87953125,3.3750188654550897,46.395,0.852201660949947
Spiro,Spiro_C,C,14,41.5180722891566,5.54309523809524,3.3849246805101023,40.2154761904762,0.793433341069962
Spiro,Spiro_C,C,15.1,66.8674698795181,5.84596774193548,3.4128603250955485,37.9035483870968,0.744726746250656
Spiro,Spiro_C,C,16,102.795180722892,5.08446601941748,3.414531920733081,51.3506796116505,0.870521188892103
Spiro,Spiro_C,C,17.1,53.4096385542169,5.64634615384615,3.4218118183652173,41.3284615384615,0.809545915152389
Spiro,Spiro_C,C,18,66.8433734939759,5.606,3.39308028941883,53.0694285714286,0.934842352934039
Spiro,Spiro_C,C,20,92.3734939759036,5.67967032967033,3.4098218753239142,44.5601098901099,0.842186209036603
Spiro,Spiro_C,C,22,78.6024096385542,4.52743243243243,3.4667066680225407,41.2554054054054,0.813832523288936
Spiro,Spiro_C,C,24,67.9036144578313,5.82633802816901,3.3691696128066413,38.6876056338028,0.766187783016634
Spiro,Spiro_C,C,31,160.975903614458,5.22754601226994,3.3927072547005475,41.6955214723926,0.667592557001592
Spiro,Spiro_C,C,34,147.012048192771,4.62796703296703,3.3072792715139467,28.8104395604396,0.509471732651519
Spiro,Spiro_C,C,36,213.963855421687,5.53529411764706,3.3690097346331833,57.1020168067227,0.869236682358171
Spiro,Spiro_C,C,38,270.433734939759,5.07815286624204,3.375589432515977,43.7966560509554,0.72778476448662
Spiro,Spiro_C,T,3.1,4.86746987951807,3.91166666666667,3.463340940009458,51.24,0.814523673055748
Spiro,Spiro_C,T,4.1,19.2530120481928,4.45125,3.480952068194867,51.144375,0.819658189032864
Spiro,Spiro_C,T,5.1,16.9036144578313,4.986875,3.424086607626347,42.3925,0.724583526330591
Spiro,Spiro_C,T,6.1,12.9036144578313,4.82769230769231,3.4020945125202062,52.3746153846154,0.803794385658136
Spiro,Spiro_C,T,7.1,23.5180722891566,4.71428571428571,3.341104356027625,42.5533333333333,0.775534350861762
Spiro,Spiro_C,T,8.1,47.2409638554217,5.80488888888889,3.373206667073329,38.8526666666667,0.598363768892315
Spiro,Spiro_C,T,9,45.1807228915663,5.59239130434783,3.31978140501285,32.519347826087,0.544716971044024
Spiro,Spiro_C,T,10,31.0602409638554,4.81088235294118,3.3854263578909642,41.3702941176471,0.835750888248938
Spiro,Spiro_C,T,11,42.0722891566265,6.17864864864865,3.414227771423494,39.3410810810811,0.820860892780197
Spiro,Spiro_C,T,12,27.7469879518072,4.6744,3.2753585368646294,32.6272,0.69414922127311
Spiro,Spiro_C,T,13,33.6024096385542,5.44794117647059,3.447221209294716,46.0185294117647,0.912703368413906
Spiro,Spiro_C,T,14,21.9036144578313,5.75208333333333,3.3539170319644858,40.27875,0.864742832070881
Spiro,Spiro_C,T,15.1,43.2048192771084,6.24857142857143,3.4052087788634826,42.7454761904762,0.869261696704181
Spiro,Spiro_C,T,16,40.3975903614458,5.544,3.4623686445902977,52.58825,0.86539665122983
Spiro,Spiro_C,T,17.1,30.9277108433735,5.35727272727273,3.447225661331499,49.2918181818182,0.902821173532853
Spiro,Spiro_C,T,18,27.4457831325301,6.40793103448276,3.3789074014043736,46.8551724137931,0.869821376158117
Spiro,Spiro_C,T,20,41.2409638554217,5.06604651162791,3.49714638740496,50.5274418604651,0.916586627590347
Spiro,Spiro_C,T,22,40.6265060240964,5.56348837209302,3.42953194178661,48.8023255813954,0.884948115201884
Spiro,Spiro_C,T,24,24.3614457831325,5.43111111111111,3.3667864985491613,44.5785185185185,0.890187085025636
Spiro,Spiro_C,T,27,13.7590361445783,6.38875,3.3707399385690944,46.64,0.930896097506542
Spiro,Spiro_C,T,29,39.4819277108434,5.8474358974359,3.4570095221390775,46.764358974359,0.7787839938456
Spiro,Spiro_C,T,31,45.3373493975904,5.03204545454545,3.435446729584572,42.9975,0.810253000632038
Spiro,Spiro_C,T,34,39.0602409638554,5.26210526315789,3.3774802369837267,41.8007894736842,0.734822264225655
Spiro,Spiro_C,T,36,40.9638554216868,6.04765957446808,3.415881111828728,59.4257446808511,0.87898776719053
Spiro,Spiro_C,T,38,51.421686746988,4.625,3.4397783828422543,38.875,0.690988550601498
Spiro,Spiro_C,A,4.1,5.46987951807229,3.75166666666667,3.5562019579998743,26.7,0.756119938150062
Spiro,Spiro_C,A,6.1,5.60240963855422,4.73,3.51610196493421,32.7633333333333,0.778042879625935
Spiro,Spiro_C,A,7.1,18.7951807228916,4.45555555555556,3.370247986884369,33.6855555555556,0.705366415929673
Spiro,Spiro_C,A,8.1,29.3132530120482,4.63407407407407,3.461449502063503,33.952962962963,0.722057494534845
Spiro,Spiro_C,A,9,42.2650602409639,4.944,3.432395234273849,29.74825,0.60136472838239
Spiro,Spiro_C,A,10,41.3373493975904,4.75742857142857,3.3964590487927135,30.0245714285714,0.541747335140451
Spiro,Spiro_C,A,11,40.8433734939759,4.73435897435897,3.4015926784422343,31.4194871794872,0.689621875176628
Spiro,Spiro_C,A,12.1,36.566265060241,4.55675,3.3360757539012034,28.2055,0.831757378365777
Spiro,Spiro_C,A,13,59.3493975903614,4.66842105263158,3.4330552303368926,35.9870175438597,0.859226614560719
Spiro,Spiro_C,A,14,82.9397590361446,4.79945205479452,3.392483161572906,31.3757534246575,0.72828488716336
Spiro,Spiro_C,A,15.1,39.1204819277108,5.10755555555556,3.334636187998065,28.698,0.698054328487649
Spiro,Spiro_C,A,16,71,4.69230769230769,3.3708194117362655,28.1995384615385,0.4675869011689
Spiro,Spiro_C,A,17.1,68.8313253012048,5.76159420289855,3.4109848775650073,37.2450724637681,0.853479613855149
Spiro,Spiro_C,A,18,49.9277108433735,5.50340425531915,3.3863765663997905,36.6268085106383,0.862145797903846
Spiro,Spiro_C,A,20,84.5301204819277,5.255625,3.419719712186391,35.3035,0.849030076944942
Spiro,Spiro_C,A,22,78.6024096385542,4.23402777777778,3.5322210007530948,28.4319444444444,0.679243126595912
Spiro,Spiro_C,A,24,51.8072289156627,5.587,3.3888004495283566,41.2648,0.874821054192194
Spiro,Spiro_C,A,27,84.2168674698795,7.28067415730337,3.174802535947257,29.7596629213483,0.742471996588407
Spiro,Spiro_C,A,29,106.759036144578,4.4618,3.4915390599022573,35.0639,0.773870014890196
Spiro,Spiro_C,A,31,85.3012048192771,5.30170731707317,3.4457016893355,44.0309756097561,0.717393812739399
Spiro,Spiro_C,A,34,52.5060240963855,4.94622641509434,3.4314655731882535,34.3162264150943,0.667069860714046
Spiro,Spiro_C,A,36,72.9518072289157,5.06444444444444,3.444485961290354,44.3122222222222,0.806285814025278
Spiro,Spiro_C,A,38,92.4216867469879,5.66953488372093,3.4090538003508835,42.6681395348837,0.81192032288627
Spiro,Spiro_C,AT,3.1,9.56626506024096,3.937,3.400027760721885,35.446,0.658487935795585
Spiro,Spiro_C,AT,4.1,4.81927710843374,3.9075,3.5805845879791676,27.415,0.575653541115078
Spiro,Spiro_C,AT,5.1,3.46987951807229,4.30333333333333,3.457707841422955,30.9433333333333,0.70070267162877
Spiro,Spiro_C,AT,6.1,6.86746987951807,6.26,3.412477827662409,45.7471428571429,0.608392379679716
Spiro,Spiro_C,AT,8,26.5542168674699,4.46782608695652,3.4460916902613414,32.6021739130435,0.699402579830243
Spiro,Spiro_C,AT,9,25.3734939759036,5.09772727272727,3.429656061154899,24.85,0.605053479561294
Spiro,Spiro_C,AT,10,28.6626506024096,4.5252,3.4629206337581353,42.1292,0.781723167305203
Spiro,Spiro_C,AT,11,33.1566265060241,5.345,3.395649823451349,30.2913333333333,0.723725409321115
Spiro,Spiro_C,AT,12.1,31.6385542168675,5.72,3.1983713000156144,28.1065625,0.768631334652321
Spiro,Spiro_C,AT,13,14.9759036144578,4.893125,3.3705549534208177,29.8225,0.768009517831824
Spiro,Spiro_C,AT,14,42.6385542168675,5.07711111111111,3.387518908901263,30.9328888888889,0.800159337464443
Spiro,Spiro_C,AT,15.1,21.3373493975904,5.68291666666667,3.3793463914907593,32.7283333333333,0.82858601269897
Spiro,Spiro_C,AT,16,50.9277108433735,4.64111111111111,3.4397071311001843,38.4906666666667,0.864994805277841
Spiro,Spiro_C,AT,17.1,39.2168674698795,5.19,3.4708285158858043,41.88,0.905972789640935
Spiro,Spiro_C,AT,18,33.710843373494,5.70838709677419,3.426797338694172,42.8412903225806,0.896233941935679
Spiro,Spiro_C,AT,20,39.1686746987952,4.749,3.5089149927968206,35.8255,0.877740426932798
Spiro,Spiro_C,AT,22,35.6506024096386,5.455,3.4131927437717544,37.5168421052632,0.776679604589896
Spiro,Spiro_C,AT,24,18.8433734939759,8.69714285714286,3.485353140578787,32.9947619047619,0.853908586544084
Spiro,Spiro_C,AT,29,41.3493975903614,4.975,3.5043542533849283,43.27225,0.801414032664634
Spiro,Spiro_C,AT,31,58.2530120481928,5.11285714285714,3.4649743131173216,40.5983928571429,0.848194251935917
Spiro,Spiro_C,AT,34,27.4698795180723,4.56,3.4408315058999084,41.2166666666667,0.778515734324394
Spiro,Spiro_C,AT,36,33.5180722891566,3.78666666666667,3.5223486187827624,32.7711111111111,0.706738458672599
Spiro,Spiro_C,AT,38,31.566265060241,5.00285714285714,3.51906750040892,47.6182142857143,0.859064028828282
Spiro,Spiro_D,C,3.1,3.67469879518072,4.7875,3.3197804103675077,20.6875,0.291559274499822
Spiro,Spiro_D,C,4.1,4.71084337349398,4.4375,3.371964631704353,20.0625,0.342329806445218
Spiro,Spiro_D,C,5.1,4.31325301204819,5.2875,3.3063016918530153,33.085,0.384911415831065
Spiro,Spiro_D,C,6.1,4.81927710843374,4.245,3.4274974694157123,31.5025,0.655365430579834
Spiro,Spiro_D,C,7.1,12.0240963855422,4.698,3.315391950184463,25.917,0.416359861753777
Spiro,Spiro_D,C,8.1,10.8433734939759,4.40777777777778,3.345645964305797,19.0844444444444,0.523161508077379
Spiro,Spiro_D,C,9,8.55421686746988,4.636,3.2883172045575484,29.958,0.297567403703034
Spiro,Spiro_D,C,10,23.0240963855422,4.4435,3.285446133393469,19.0565,0.440254280824615
Spiro,Spiro_D,C,11,20.2650602409639,4.7525,3.309583861501549,29.7005,0.633496811067231
Spiro,Spiro_D,C,12,12.2650602409639,4.45545454545455,3.2221595931966722,22.8372727272727,0.568680807933463
Spiro,Spiro_D,C,13,41.0240963855422,3.96947368421053,3.3960955115894276,33.3415789473684,0.795648017239881
Spiro,Spiro_D,C,14,49.9277108433735,4.71934782608696,3.3666543162772387,39.8271739130435,0.827923658190386
Spiro,Spiro_D,C,15.1,34.0722891566265,4.87724137931034,3.3432232770258934,28.5606896551724,0.819023300010708
Spiro,Spiro_D,C,16,43.7710843373494,5.07878048780488,3.350574042385601,36.6636585365854,0.763632859410873
Spiro,Spiro_D,C,17.1,27.8795180722892,5.58964285714286,3.333268092863947,32.8842857142857,0.89813331182341
Spiro,Spiro_D,C,18,24.6144578313253,5.06291666666667,3.315213780170132,40.05625,0.921924048897089
Spiro,Spiro_D,C,20,38.1204819277108,5.28567567567568,3.3187043714642117,36.6367567567568,0.804280509485164
Spiro,Spiro_D,C,22,38.6746987951807,4.40457142857143,3.4708060862213337,43.8508571428571,0.810477764056685
Spiro,Spiro_D,C,24,21.1566265060241,4.31,3.2694114607792297,20.4083333333333,0.548380984850055
Spiro,Spiro_D,C,29,60.2530120481928,4.62351851851852,3.4588073096967054,27.5046296296296,0.627157995571621
Spiro,Spiro_D,C,31,93.9156626506024,4.91269662921348,3.369416921778044,36.5823595505618,0.626855668507758
Spiro,Spiro_D,C,34,78.8072289156626,4.548875,3.389219370800928,29.67825,0.587030542659225
Spiro,Spiro_D,C,36,102.927710843374,4.87888888888889,3.3406991227815523,38.6253703703704,0.627295349423391
Spiro,Spiro_D,C,38,134.626506024096,5.30218309859155,3.3708571581707396,39.4956338028169,0.692701928051162
Spiro,Spiro_D,T,3.1,3.6144578313253,4.45666666666667,3.310411478121887,17.26,0.474768458793759
Spiro,Spiro_D,T,4.1,12.8433734939759,4.2625,3.4306471234812066,33.26,0.57680792822312
Spiro,Spiro_D,T,5.1,7.10843373493976,4.60333333333333,3.2990603534494283,19.8566666666667,0.271422824546895
Spiro,Spiro_D,T,6.1,3.6144578313253,3.86,3.322650617533891,43.7766666666667,0.653535236653148
Spiro,Spiro_D,T,7.1,9.44578313253012,4.789,3.328005092396802,32.9,0.662133290592769
Spiro,Spiro_D,T,8,21.6024096385542,4.57222222222222,3.354690204629299,24.2938888888889,0.370971220794744
Spiro,Spiro_D,T,9,24.5903614457831,5.2868,3.2241352044495297,28.0464,0.295319624506107
Spiro,Spiro_D,T,10,20.1566265060241,4.82428571428571,3.3629510380460585,33.8266666666667,0.566119995358828
Spiro,Spiro_D,T,11,24.6987951807229,4.83260869565217,3.222295993622769,22.8147826086957,0.297428194206566
Spiro,Spiro_D,T,12,15.7831325301205,4.91571428571429,3.2058811160813825,18.7535714285714,0.360504271077028
Spiro,Spiro_D,T,13,21.8915662650602,4.95047619047619,3.3460326783050167,38.7785714285714,0.871507075749501
Spiro,Spiro_D,T,14,17.0602409638554,4.9475,3.362254452709857,34.281875,0.66102299904232
Spiro,Spiro_D,T,15.1,30.4096385542169,5.29518518518519,3.363463220569173,29.5692592592593,0.692176369346723
Spiro,Spiro_D,T,16,22.9397590361446,4.739,3.3969754995638883,43.089,0.880551893513073
Spiro,Spiro_D,T,17.1,22.6746987951807,4.61619047619048,3.4382497069783025,34.0871428571429,0.887383082411177
Spiro,Spiro_D,T,18,23.3373493975904,5.71615384615385,3.3233555630895126,37.0523076923077,0.911101413687615
Spiro,Spiro_D,T,20,16.8674698795181,4.30285714285714,3.4089511699850306,23.9564285714286,0.626304648853081
Spiro,Spiro_D,T,22,23.9036144578313,4.16285714285714,3.42692932122221,31.8471428571429,0.662248704515641
Spiro,Spiro_D,T,27,18.2771084337349,5.53842105263158,3.1499115834083646,37.3726315789474,0.865389709223563
Spiro,Spiro_D,T,29,14.6385542168675,4.71923076923077,3.376977378884956,25.4192307692308,0.541545197856283
Spiro,Spiro_D,T,31,38.4698795180723,4.76210526315789,3.422801691812497,43.2060526315789,0.81257304231811
Spiro,Spiro_D,T,34,32.5421686746988,4.93172413793103,3.3790434425966196,33.0303448275862,0.642144798553291
Spiro,Spiro_D,T,36,20.4939759036145,5.77666666666667,3.345045142781786,46.067619047619,0.788717992499398
Spiro,Spiro_D,T,38,29.5301204819277,4.78333333333333,3.4712682893911313,53.6314814814815,0.836628669869983
Spiro,Spiro_D,A,4.1,7.37349397590361,4.13571428571429,3.360859728746375,37.7671428571429,0.249314904737344
Spiro,Spiro_D,A,5.1,2.5421686746988,4.455,3.4523170860786636,39.055,0.820467711126192
Spiro,Spiro_D,A,6.1,3.6144578313253,4.08,3.4080023955506547,28.65,0.516192633608085
Spiro,Spiro_D,A,7.1,10.1325301204819,4.94111111111111,3.335980700672108,21.1244444444444,0.325796681467515
Spiro,Spiro_D,A,8.1,13.3734939759036,5.135,3.392893249851077,29.41,0.456999041641058
Spiro,Spiro_D,A,9,18.2771084337349,3.935625,3.429861142692233,23.355625,0.518960349455266
Spiro,Spiro_D,A,10,12.9759036144578,4.52272727272727,3.260835178369713,22.9472727272727,0.411674258119028
Spiro,Spiro_D,A,11,26.1927710843373,4.4488,3.378009806314717,31.7892,0.709959583081124
Spiro,Spiro_D,A,12.1,20.855421686747,3.96526315789474,3.324284296901718,28.9536842105263,0.766119672390353
Spiro,Spiro_D,A,13,37.4939759036145,4.41727272727273,3.3513682646780882,17.2969696969697,0.717756626509396
Spiro,Spiro_D,A,14,40.4457831325301,4.38108108108108,3.3510805956629106,33.4189189189189,0.778691026249628
Spiro,Spiro_D,A,15.1,29.8674698795181,4.53846153846154,3.3064107570512045,23.1173076923077,0.767861355202135
Spiro,Spiro_D,A,16,31.3373493975904,4.38903225806452,3.2966409913610963,21.1209677419355,0.560317273270075
Spiro,Spiro_D,A,17.1,22.7951807228916,4.58333333333333,3.3422555110792924,28.4685714285714,0.779222186551818
Spiro,Spiro_D,A,18,39.9036144578313,4.64675,3.3313736391093407,30.87975,0.853603532116883
Spiro,Spiro_D,A,20,23.433734939759,5.19954545454545,3.373539904033273,27.96,0.6652662471779
Spiro,Spiro_D,A,22,28.0843373493976,4.03888888888889,3.496773073032199,35.46,0.809242164729702
Spiro,Spiro_D,A,24,32.5903614457831,4.34225806451613,3.4654060720526942,34.678064516129,0.874473519511382
Spiro,Spiro_D,A,27,46.1204819277108,5.79229166666667,3.100628976831171,22.8141666666667,0.652146050190943
Spiro,Spiro_D,A,29,71.7710843373494,4.96731343283582,3.360237152674387,22.8479104477612,0.471100198533017
Spiro,Spiro_D,A,31,53.8433734939759,5.04630434782609,3.3668237281855236,24.7528260869565,0.527771424795959
Spiro,Spiro_D,A,34,43.0963855421687,5.28090909090909,3.4390815559508994,36.8345454545455,0.669205477543141
Spiro,Spiro_D,A,36,49.6987951807229,4.04418604651163,3.4935031171051167,29.7246511627907,0.593307953784381
Spiro,Spiro_D,A,38,111.265060240964,5.0835,3.382950807339793,39.4415833333333,0.654409024850302
Spiro,Spiro_D,AT,2.1,2.25301204819277,5.285,3.281298183389974,29.985,0.132264178336405
Spiro,Spiro_D,AT,3.1,6.02409638554217,3.444,3.3914890969789826,33.646,0.63162085758268
Spiro,Spiro_D,AT,5.1,2.42168674698795,4.24,3.4296177193562807,22.5933333333333,0.820005198449286
Spiro,Spiro_D,AT,6.1,2.40963855421687,4.43,3.505421327583281,40.775,0.70297925255985
Spiro,Spiro_D,AT,7.1,6.8433734939759,5.48142857142857,3.386660474208004,38.63,0.529340236085456
Spiro,Spiro_D,AT,8,7.69879518072289,5.51857142857143,3.3784565643815463,32.6414285714286,0.671821757160063
Spiro,Spiro_D,AT,9,11.421686746988,8.72214285714286,3.2449560477171424,29.185,0.374391009281295
Spiro,Spiro_D,AT,10,9.28915662650602,4.09,3.422003126105777,36.8855555555556,0.847723333302016
Spiro,Spiro_D,AT,11,18.4096385542169,4.41111111111111,3.3517857885660076,27.7305555555556,0.576287014852683
Spiro,Spiro_D,AT,12.1,7.2289156626506,3.94333333333333,3.4160138505018507,26.4066666666667,0.578305375452773
Spiro,Spiro_D,AT,13,13.2530120481928,4.72090909090909,3.4368421194452954,38.4718181818182,0.732763053062936
Spiro,Spiro_D,AT,14,21.1084337349398,4.25611111111111,3.342861031150261,22.205,0.71460713253850106
Spiro,Spiro_D,AT,15.1,15.5421686746988,5.56642857142857,3.4015908106798247,26.2121428571429,0.718473237430823
Spiro,Spiro_D,AT,16,18.6746987951807,4.825,3.3442342700556806,24.7461111111111,0.69206477646949
Spiro,Spiro_D,AT,17.1,20.1927710843374,4.40611111111111,3.395956841920384,24.1011111111111,0.806195008905684
Spiro,Spiro_D,AT,18,6.92771084337349,4.64428571428571,3.4096554144075375,51.2814285714286,0.916234056017014
Spiro,Spiro_D,AT,20,15.7710843373494,4.64214285714286,3.4627941376324927,29.6928571428571,0.716334108146696
Spiro,Spiro_D,AT,22,21.2048192771084,3.71272727272727,3.4765384486219997,41.0777272727273,0.725909376372762
Spiro,Spiro_D,AT,24,13.6024096385542,4.4725,3.33336228822062,29.3441666666667,0.805093390087648
Spiro,Spiro_D,AT,29,18.7951807228916,4.315,3.352062467350946,18.355625,0.367938429796329
Spiro,Spiro_D,AT,31,17.0120481927711,4.364,3.403483140105096,30.6526666666667,0.587540870885859
Spiro,Spiro_D,AT,34,12.5180722891566,3.66545454545455,3.252818841901994,30.9109090909091,0.530599583289401
Spiro,Spiro_D,AT,36,8.56626506024097,3.91875,3.3448189892136613,28.5975,0.480230443220628
Spiro,Spiro_D,AT,38,5.78313253012048,4.22166666666667,3.526156559533467,42.665,0.88907053471611
Tetra,Tetra_1,C,1.1,87.7469879518072,1.44714285714286,2.3610443452538243,23.6058441558442,0.341122390154525
Tetra,Tetra_1,C,1.8,1376.49397590361,1.3945889387145,2.3142943907289295,29.1405680119581,0.433454138878257
Tetra,Tetra_1,C,2.1,3186.22891566265,1.47924613987284,2.212653182211996,22.025949137148,0.383260992207486
Tetra,Tetra_1,C,2.8,6349.0843373494,1.5818682021753,2.1533462749747687,28.4376365962892,0.404752863912509
Tetra,Tetra_1,C,3.8,6699.32530120482,1.619942004971,2.177105837566051,42.1560977630489,0.395472114929149
Tetra,Tetra_1,C,4.8,4973.38554216867,1.59851244044468,2.1357851307970668,37.7809105346744,0.470784857760646
Tetra,Tetra_1,C,5.1,6105.97590361446,1.67888397246804,2.1612250692825086,22.4424975417896,0.333792457160121
Tetra,Tetra_1,C,5.8,5671.84337349398,1.61513821851689,1.83803343104815,42.7588108819658,0.50064605765783
Tetra,Tetra_1,C,6.1,1954.01204819277,1.54504201680672,2.160090550433127,25.7038487394958,0.342117330918351
Tetra,Tetra_1,C,6.8,7130.31325301205,1.62137874435782,1.9522122517349643,35.1048420188757,0.384442275245698
Tetra,Tetra_1,C,9,2033.81927710843,1.58012455516014,1.7669179210846897,19.3517651245552,0.444418093636342
Tetra,Tetra_1,C,20,5322.43373493976,1.53246981891348,1.9331912672229628,15.339766934943,0.455174076993349
Tetra,Tetra_1,C,36,3982.36144578313,1.47129755295085,1.8067488146225388,18.2552601274933,0.405805678910007
Tetra,Tetra_1,T,1.1,327.096385542169,1.38571428571429,2.3167568477994096,15.3926071428571,0.330264033784081
Tetra,Tetra_1,T,2.1,6219.31325301205,1.60889380530973,2.0983989762576116,16.6731064998474,0.306186553677369
Tetra,Tetra_1,T,2.8,5977.28915662651,1.60718983144515,2.1345125046400635,27.9818333793866,0.368595180581805
Tetra,Tetra_1,T,3.8,6420.36144578313,1.64276861346411,2.171653692568822,38.9677663843067,0.424452437382902
Tetra,Tetra_1,T,4.1,5983.84337349398,1.67692601431981,2.1258510502773214,30.7915322195704,0.330617984438862
Tetra,Tetra_1,T,4.8,3843.57831325301,1.64763344051447,1.848306957022827,40.8102122186495,0.476025362957969
Tetra,Tetra_1,T,5.1,6752.96385542169,1.70332447985834,1.897128632507297,17.8640770252324,0.337628896645119
Tetra,Tetra_1,T,5.8,4795.40963855422,1.60385938290339,1.834404493212534,37.6558674759737,0.444414859225009
Tetra,Tetra_1,T,6.1,5763.72289156627,1.58794373401535,2.166606946250615,30.1998260869565,0.338370322059136
Tetra,Tetra_1,T,6.8,6714.61445783133,1.70942914171657,1.93403209488681,43.5731497005988,0.462615689752623
Tetra,Tetra_1,T,17.1,5402.50602409638,1.44932739059968,2.0640842740607748,17.7686499189627,0.544961578962002
Tetra,Tetra_1,T,18,2530.60240963855,1.46732742822236,1.738409804666285,13.238304825901,0.479255442663374
Tetra,Tetra_1,T,20,3224.87951807229,1.44433175882189,2.0286687388465148,14.6925590441789,0.480313456927893
Tetra,Tetra_1,T,29,25.566265060241,1.29147058823529,1.8121147787213516,10.9685294117647,0.388117642092047
Tetra,Tetra_1,T,36,2736.24096385542,1.44057478005865,1.7611745991592844,19.0754574780059,0.323028888796909
Tetra,Tetra_1,A,1.1,39.3253012048193,1.65558139534884,2.337203322474726,22.4881395348837,0.32065307144146
Tetra,Tetra_1,A,1.8,365.78313253012,1.36249221183801,2.3453079414287115,19.9235202492212,0.347718137857518
Tetra,Tetra_1,A,2.1,819.626506024096,1.39267123287671,2.3167252137135663,19.8830136986301,0.3580843756507
Tetra,Tetra_1,A,2.8,4620.18072289157,1.54548375385732,2.2353984665485305,28.0716064621528,0.332950364685334
Tetra,Tetra_1,A,3.8,4277.96385542169,1.57933561643836,2.2143159495076508,35.4816369863014,0.417406799356964
Tetra,Tetra_1,A,4.8,5099.96385542169,1.6526463963964,1.8823548364877996,28.6528997747748,0.364759838008325
Tetra,Tetra_1,A,5.1,4801.66265060241,1.68072821846554,2.160174092761379,24.6331469440832,0.397886268814519
Tetra,Tetra_1,A,5.8,4100.89156626506,1.63950515463918,1.8839772843098948,33.48464604811,0.439004529018206
Tetra,Tetra_1,A,6.1,3995.63855421687,1.69168279970216,2.1337223857048793,22.4176023827252,0.27922430049551
Tetra,Tetra_1,A,6.8,4758.65060240964,1.73278375149343,1.9977569784121667,47.2123058542413,0.460912014825028
Tetra,Tetra_1,A,9,2833.72289156626,1.65754253835425,1.8126576901778075,22.7094281729428,0.537675463083706
Tetra,Tetra_1,A,10,3479.57831325301,1.67448515066117,1.8600257718803315,29.7068046824192,0.52627342323795
Tetra,Tetra_1,A,12.1,3571.07228915663,1.6322101972102,1.8455795465155673,15.9999062049062,0.439375878642653
Tetra,Tetra_1,A,13,4520.66265060241,1.60981732469063,1.9686196831497986,23.8203457081124,0.390354669705938
Tetra,Tetra_1,A,16,3833.01204819277,1.61449330357143,1.932231265881845,25.2745959821429,0.449701764674175
Tetra,Tetra_1,A,17.1,3193.32530120482,1.60370981754996,1.9234990169847037,21.3604344048653,0.512968348962373
Tetra,Tetra_1,A,20,3227.55421686747,1.54890354734682,1.9640674991386167,17.8802755790091,0.487554399913207
Tetra,Tetra_1,A,22,2064.65060240964,1.47836527180289,1.8651414641180617,16.6093859992178,0.414895748141352
Tetra,Tetra_1,A,29,2800.90361445783,1.50993249463025,1.8782383138849565,16.9501779687021,0.37963953519054
Tetra,Tetra_1,A,31,2784.34939759036,1.49352135637431,1.919379737137635,24.4259863058363,0.360747215173506
Tetra,Tetra_1,A,36,1251.55421686747,1.4981455064194,1.8707719638497013,21.9003708987161,0.322998261684418
Tetra,Tetra_1,AT,1.1,128.313253012048,1.34972972972973,2.376193257807,20.5636936936937,0.371265219241071
Tetra,Tetra_1,AT,1.8,1841.56626506024,1.37547526403558,2.3143505658409826,26.346025569761,0.411183026968463
Tetra,Tetra_1,AT,2.8,5396.93975903615,1.60083452098179,2.199791254946916,26.037296912114,0.406011630532982
Tetra,Tetra_1,AT,3.1,4992.56626506024,1.57130523801399,2.1554274961054865,34.105507592561,0.502500862250854
Tetra,Tetra_1,AT,3.8,5998.77108433735,1.61104226705091,2.2003998807873484,35.4630547550432,0.414096438898422
Tetra,Tetra_1,AT,4.1,5293.80722891566,1.67454219948849,2.169368763704498,34.7092276214834,0.365173970653342
Tetra,Tetra_1,AT,4.8,5823,1.68524484536082,2.1405269273674645,34.0743771477663,0.420018102130974
Tetra,Tetra_1,AT,5.1,5766.50602409639,1.659424,2.1299098618374424,22.1061546666667,0.326910656856262
Tetra,Tetra_1,AT,5.8,6086.31325301205,1.52583978152025,2.109048829767193,37.2352981338188,0.454807626142611
Tetra,Tetra_1,AT,6.1,4197.36144578313,1.66355645706558,2.141150432446152,28.9296348884381,0.349556120151118
Tetra,Tetra_1,AT,6.8,4094.85542168675,1.62228795438346,1.9895145132513308,36.1478332145403,0.444725979537735
Tetra,Tetra_1,AT,9,2449.74698795181,1.56064485687323,1.7988615741901586,17.8154545454545,0.444309991913545
Tetra,Tetra_1,AT,12.1,3897.39759036145,1.56925333333333,1.8114281013230042,20.4106066666667,0.49282236049814
Tetra,Tetra_1,AT,13,4574.36144578313,1.55056550951848,1.9019653279936215,26.1024841358716,0.457125699586784
Tetra,Tetra_1,AT,15.1,2973.79518072289,1.49563894523327,1.7976129881123921,14.4698869892785,0.337000816461812
Tetra,Tetra_1,AT,16,3334.12048192771,1.49778623878162,1.8910992400992748,15.5257247756323,0.376972963450826
Tetra,Tetra_1,AT,17.1,3170.87951807229,1.5392779177162,1.8499386348976596,19.8698544640358,0.544297325818011
Tetra,Tetra_1,AT,20,2145.03614457831,1.50515283842795,1.8585149893881037,15.7758277094085,0.461409758728552
Tetra,Tetra_1,AT,29,1939.18072289157,1.49929897864438,1.852687937660263,17.345886722377,0.338300163077999
Tetra,Tetra_1,AT,31,2057.3734939759,1.44075813953488,1.9244533537233508,22.7188604651163,0.324608001582629
Tetra,Tetra_1,AT,36,2396.14457831325,1.50115286391828,1.8602517171495385,21.8683947464429,0.34561555382547
Tetra,Tetra_2,C,1.1,148.144578313253,1.342421875,2.1980470057404378,12.021953125,0.228557815872156
Tetra,Tetra_2,C,1.8,1863.86746987952,1.42801146131805,2.1098474544584045,14.419787965616,0.285983246105435
Tetra,Tetra_2,C,2.1,4668.79518072289,1.55091971642077,2.0464727565049192,24.7486300057482,0.229720798190299
Tetra,Tetra_2,C,2.8,2408.44578313253,1.6488583599574,1.7793712332162808,26.4335931842386,0.446563541532275
Tetra,Tetra_2,C,3.8,8806.55421686747,1.56306781829814,2.097562991969664,29.8036404350608,0.405577065695016
Tetra,Tetra_2,C,4.8,5954.34939759036,1.52335698447894,1.826242526380225,29.0707583148559,0.443888462104447
Tetra,Tetra_2,C,5.1,8300.02409638554,1.61519319390287,1.8484264198639593,22.2924104927331,0.258576592747833
Tetra,Tetra_2,C,5.8,5841.10843373494,1.48349673202614,1.783180010570163,25.2513562091503,0.451599547383197
Tetra,Tetra_2,C,6.1,6037.19277108434,1.53315032679739,1.8377254470158424,16.5496993464052,0.246688136454808
Tetra,Tetra_2,C,6.8,7417.44578313253,1.60640902366864,1.9023235538801733,36.2382322485207,0.420173065516411
Tetra,Tetra_2,C,11,6773.31325301205,1.47845623416831,2.1048006722562413,12.9734393470307,0.329312803008084
Tetra,Tetra_2,T,1.1,298,1.41929104477612,2.136671002995876,13.6266417910448,0.287095731171526
Tetra,Tetra_2,T,1.8,6202.89156626506,1.55755757748081,2.0127550099108786,17.8454606198465,0.364700836837148
Tetra,Tetra_2,T,2.1,5327.71084337349,1.5581305688828,1.9878269043396464,14.8233533241947,0.304640901812612
Tetra,Tetra_2,T,3.8,10058.6746987952,1.51711555424875,2.0926164020269997,27.8136900911497,0.33522209932414
Tetra,Tetra_2,T,4.1,8244.25301204819,1.59673194221509,2.047389064543366,31.962911717496,0.354686296951632
Tetra,Tetra_2,T,4.8,6973.48192771084,1.51259099933819,1.7827346871306546,26.1419027134348,0.438585892768225
Tetra,Tetra_2,T,5.1,8001.21686746988,1.55309414088216,1.8099154248357656,21.6600032916392,0.299612846442572
Tetra,Tetra_2,T,5.8,7209.03614457831,1.48519823788546,1.7638993115274006,19.0984140969163,0.473241974545957
Tetra,Tetra_2,T,6.1,8129.31325301205,1.56561184445237,1.8301548741928508,16.1423011059579,0.264803311922565
Tetra,Tetra_2,T,6.8,6967.19277108434,1.6057015046767,1.8612003429686779,26.1918218788125,0.381487352649534
Tetra,Tetra_2,T,12,4674.97590361446,1.46539985590778,1.8288959987020588,13.6349981988473,0.379271367357844
Tetra,Tetra_2,T,17.1,2929.6265060241,1.48635444385311,1.8082159693433268,14.1562533262374,0.445468209943442
Tetra,Tetra_2,T,20,2057.48192771084,1.49363304093567,1.7242327399039563,13.4534576023392,0.457692810239154
Tetra,Tetra_2,T,36,3414.12048192771,1.45290685109142,1.7223964855037306,17.8469137670197,0.296042991887701
Tetra,Tetra_2,A,1.1,83.7349397590362,1.55467532467532,2.190665614455548,17.5338961038961,0.25577764981244
Tetra,Tetra_2,A,1.8,778.759036144578,1.39737359550562,2.1940574274851126,17.9824157303371,0.349752546830499
Tetra,Tetra_2,A,2.1,2033.30120481928,1.43864893062076,2.163514374106761,19.1405894627021,0.244864212905833
Tetra,Tetra_2,A,3.1,2673.03614457831,1.53619020979021,1.8036957716368969,31.8385958041958,0.486747935783645
Tetra,Tetra_2,A,3.8,7015.48192771084,1.49320529236022,2.124881040007053,25.56271446863,0.308661224811102
Tetra,Tetra_2,A,4.1,6122.02409638554,1.47767647058824,2.1165758256735296,26.2604901960784,0.374419784626103
Tetra,Tetra_2,A,4.8,5564.85542168675,1.55160975609756,1.8424136291191056,26.401287804878,0.455344756502927
Tetra,Tetra_2,A,5.1,5558.96385542169,1.57263530601922,1.8201292703074958,12.7746990389479,0.323064418147881
Tetra,Tetra_2,A,5.8,6039.18072289157,1.49809036658142,1.795941058641645,20.0785294117647,0.387443105931923
Tetra,Tetra_2,A,6.1,2032.73493975904,1.44297619047619,2.0496979108218545,11.931887755102,0.215824535626144
Tetra,Tetra_2,A,6.8,6392.09638554217,1.58366249420491,1.8937731018560822,28.6542327306444,0.369279923546772
Tetra,Tetra_2,A,8.1,4041.71084337349,1.63200117600941,1.7555117240684242,16.3857565660525,0.345442332455365
Tetra,Tetra_2,A,9,1628.19277108434,1.53989672977625,1.7465046071404147,17.7217039586919,0.368667405011787
Tetra,Tetra_2,A,12.1,4156.34939759036,1.56168858800774,1.8106852858597997,16.3006228239845,0.402788015422112
Tetra,Tetra_2,A,20,4700.09638554217,1.62746877748461,1.8834461930911393,21.0724837291117,0.533832635676995
Tetra,Tetra_2,A,22,1903.71084337349,1.53409056886228,1.80265734974102,20.9279603293413,0.501454241648883
Tetra,Tetra_2,A,36,3711.51807228916,1.58393891312971,1.8033865087097136,28.2483835779453,0.468035602513795
Tetra,Tetra_2,AT,1.1,166.530120481928,1.49348387096774,2.1424552694447785,12.7843870967742,0.300389344402833
Tetra,Tetra_2,AT,1.8,3555.14457831325,1.4187238372093,2.0984124939008946,13.0864912790698,0.312966002209788
Tetra,Tetra_2,AT,2.8,6838.98795180723,1.52604851004851,1.9530774455288595,18.0695176715177,0.218479390224066
Tetra,Tetra_2,AT,3.1,3301.13253012048,1.57843590831919,1.7407471604586335,23.8176740237691,0.459263712914896
Tetra,Tetra_2,AT,3.9,9579.39759036145,1.50211838006231,2.0798764849467224,25.4052554517134,0.355912106719717
Tetra,Tetra_2,AT,4.1,9430.01204819277,1.52104792332268,2.024873240309441,22.2287252396166,0.295985064187042
Tetra,Tetra_2,AT,4.8,6571.33734939759,1.52550796057619,1.7710659224130583,22.6819673995451,0.399442994911061
Tetra,Tetra_2,AT,5.1,8070.86746987952,1.55135640785781,1.7683068515051308,20.3096538821328,0.313578710605231
Tetra,Tetra_2,AT,5.8,7341.72289156626,1.52807181653591,1.7828373737796834,25.5620730235365,0.483527761580933
Tetra,Tetra_2,AT,6.1,6943.66265060241,1.54066338134951,1.8118043605378036,17.930360121304,0.299022041649042
Tetra,Tetra_2,AT,6.8,7185.79518072289,1.60590062111801,1.8102102144449796,24.7131969309463,0.402815346973493
Tetra,Tetra_2,AT,9,2443.24096385542,1.58700751010976,1.7312633677982903,20.3926487579434,0.417645807188937
Tetra,Tetra_2,AT,10,3134.60240963855,1.54916967509025,1.7712627468830164,20.6777933212996,0.380182314167071
Tetra,Tetra_2,AT,12.1,3270.31325301205,1.54402929551267,1.7342189545743265,13.6200883515462,0.400333380602286
Tetra,Tetra_2,AT,16,3128.81927710843,1.56103097659021,1.8013393630921586,15.7744596831402,0.402997215474141
Tetra,Tetra_2,AT,17.1,2225.93975903614,1.56395552560647,1.7694068888204928,16.0720653638814,0.535165198284596
Tetra,Tetra_2,AT,20,778.289156626506,1.55574036511156,1.738931237497887,12.6291582150101,0.45969906984163
Tetra,Tetra_2,AT,22,4595.07228915663,1.51857662835249,2.0421801978109193,15.7994367816092,0.426964465967769
Tetra,Tetra_2,AT,29,1958.79518072289,1.53448341593595,1.72977216107303,18.7629584445292,0.464845987699511
Tetra,Tetra_2,AT,36,2204.81927710843,1.48057566356429,1.7251433768889914,16.416949327818,0.330306332980908
Loxo,Loxo_1,C,3.1,67.3734939759036,1.67863636363636,2.437559838676582,66.4471212121212,0.552266463133563
Loxo,Loxo_1,C,5.1,111.44578313253,1.71073394495413,2.4354501334208924,62.7337614678899,0.573047967300765
Loxo,Loxo_1,C,6.1,111.771084337349,1.72420168067227,2.4064313964016923,48.9389915966387,0.487046784873126
Loxo,Loxo_1,C,7.1,311.048192771084,1.8399703264095,2.328829752218911,41.6390504451039,0.396150713409033
Loxo,Loxo_1,C,8.1,390.89156626506,1.72335025380711,2.381653232524275,44.2095431472081,0.441584891867896
Loxo,Loxo_1,C,9,416.903614457831,1.61591647331787,2.4208049782243264,50.6616705336427,0.529530528871749
Loxo,Loxo_1,C,10,250.433734939759,1.83828178694158,2.288803188902727,25.5468728522337,0.344918200274175
Loxo,Loxo_1,C,11,818.493975903614,1.70570771001151,2.3745718113803096,45.3342922899885,0.46385397600245
Loxo,Loxo_1,C,12,838.265060240964,1.72562645011601,2.346916344749343,40.2587819025522,0.450518138080645
Loxo,Loxo_1,C,13,1840.32530120482,1.68277723258096,2.374354717951065,50.4961089303238,0.483052738103948
Loxo,Loxo_1,C,14,460.012048192771,1.74234521575985,2.2994440061778225,33.6184615384615,0.373580574889064
Loxo,Loxo_1,C,15.1,851.493975903614,1.6713900862069,2.2981287583449155,34.8593857758621,0.396630618722885
Loxo,Loxo_1,C,16,1090.25301204819,1.79631205673759,2.21950141617491,23.7993144208038,0.286405269643634
Loxo,Loxo_1,C,17.1,746.433734939759,1.64457627118644,2.3129160742586565,42.5247820823245,0.455926558816493
Loxo,Loxo_1,C,20,722.903614457831,1.63392131979695,2.3202903220898583,50.8671700507614,0.531632562648706
Loxo,Loxo_1,C,22,1054.77108433735,1.47693961952026,2.409882508392136,67.5545657568238,0.602649051411188
Loxo,Loxo_1,C,24,254.975903614458,1.65770833333333,2.325255396954238,36.6645833333333,0.505307013467459
Loxo,Loxo_1,C,27,1184.42168674699,1.65129443326626,2.1871380143558405,46.2456606304494,0.536583042020843
Loxo,Loxo_1,C,29,318.566265060241,1.64064432989691,2.2999804333475318,30.6163917525773,0.412278391239906
Loxo,Loxo_1,C,31,714,1.64579646017699,2.313868363100574,37.4934181415929,0.46075765428841
Loxo,Loxo_1,C,34,1045.33734939759,1.80813486370158,2.319298323272659,41.8110903873745,0.427547567909689
Loxo,Loxo_1,C,36,1911.86746987952,1.8788239363542,2.322022880345891,45.9657004496714,0.472455773895398
Loxo,Loxo_1,C,38,332.590361445783,1.79100656455142,2.3174529677593427,45.6646827133479,0.531656060809236
Loxo,Loxo_1,T,3.1,57.6385542168675,1.60616666666667,2.431185720547566,58.8213333333333,0.598233163134527
Loxo,Loxo_1,T,4.1,49.4578313253012,1.6509375,2.315290572967092,36.76296875,0.449402257725933
Loxo,Loxo_1,T,5.1,139.084337349398,1.88668789808917,2.336893824062611,49.7775796178344,0.437037586259567
Loxo,Loxo_1,T,6.1,113.481927710843,1.86053846153846,2.3694964449064,48.2606153846154,0.531806181132059
Loxo,Loxo_1,T,7.1,501.024096385542,1.8141796875,2.3490786883936154,43.4721484375,0.393484704985522
Loxo,Loxo_1,T,8,350.33734939759,1.77728291316527,2.300602059576148,29.9690476190476,0.312266861217252
Loxo,Loxo_1,T,9,683.493975903614,1.84502717391304,2.335706151406464,39.725339673913,0.422956860342293
Loxo,Loxo_1,T,10,579.132530120482,1.71888709677419,2.3223231860938878,38.2617741935484,0.396177767712675
Loxo,Loxo_1,T,11,884.710843373494,1.7409010989011,2.307762884923021,44.3271538461538,0.456856916140018
Loxo,Loxo_1,T,12,674.89156626506,1.68581426648721,2.29096027493807,44.3366621803499,0.485508445654856
Loxo,Loxo_1,T,13,591.89156626506,1.74189701897019,2.25849766780838,28.4474661246612,0.336781329747719
Loxo,Loxo_1,T,14,609.373493975904,1.645,2.266565971747991,32.5608832335329,0.414966994458726
Loxo,Loxo_1,T,15.1,537.89156626506,1.64806896551724,2.2700586496455584,31.3411034482759,0.398558244184607
Loxo,Loxo_1,T,16,609.78313253012,1.65299757281553,2.112046149399819,48.6391262135922,0.530051287095947
Loxo,Loxo_1,T,17.1,241.361445783133,1.5869512195122,2.3123534330420688,40.5020325203252,0.455938001222352
Loxo,Loxo_1,T,18,231.698795180723,1.63113924050633,2.2944871548394334,38.3215189873418,0.45389586376435
Loxo,Loxo_1,T,20,207.89156626506,1.57344186046512,2.320110427670058,40.5815813953488,0.440036512193921
Loxo,Loxo_1,T,22,363.289156626506,1.55623342175066,2.341826858435363,51.4742440318302,0.578917479268955
Loxo,Loxo_1,T,24,825.759036144578,1.69062906724512,2.3385750140946056,41.126431670282,0.477178679948398
Loxo,Loxo_1,T,27,623.66265060241,1.65238095238095,2.161310377732152,37.698380952381,0.511044445873373
Loxo,Loxo_1,T,29,676.277108433735,1.59583662714097,2.3172139537003407,39.454861660079096,0.456422569445297
Loxo,Loxo_1,T,31,1666.95180722892,1.54311144730207,2.377841619820278,52.4848764498235,0.498049154500975
Loxo,Loxo_1,T,34,1229.92771084337,1.58047445255474,2.3498358884180153,36.9633211678832,0.477619812641819
Loxo,Loxo_1,T,36,635.433734939759,1.61765957446809,2.332696309723221,32.9312765957447,0.41605692749431
Loxo,Loxo_1,T,38,1077.71084337349,1.57407014681892,2.4262930523256565,43.3051876019576,0.43528297515846
Loxo,Loxo_1,A,3.1,81.7469879518072,2.00651376146789,2.301232951021485,58.5560550458716,0.376206955773596
Loxo,Loxo_1,A,4.1,43.0481927710843,1.64923076923077,2.432954497736335,52.2517948717949,0.568595737950154
Loxo,Loxo_1,A,5.1,42.5783132530121,1.78,2.399316238729081,45.940652173913,0.438767602026008
Loxo,Loxo_1,A,6.1,9.75903614457831,1.95636363636364,2.306547840946514,32.6827272727273,0.223425692278113
Loxo,Loxo_1,A,7.1,87.3493975903614,2.05772727272727,2.2418662430123675,34.153,0.265147008258964
Loxo,Loxo_1,A,8.1,243.939759036145,1.68416326530612,2.418963020048657,64.7657959183673,0.538730041819484
Loxo,Loxo_1,A,9,160.506024096386,1.77802139037433,2.377899993629962,45.1450802139037,0.42112430216271
Loxo,Loxo_1,A,10,191.397590361446,1.78818681318681,2.327251905648762,34.975,0.378020868853572
Loxo,Loxo_1,A,11,160.493975903614,1.78029069767442,2.30634983310786,26.1996511627907,0.3326854260048
Loxo,Loxo_1,A,12.1,225.566265060241,1.73764444444444,2.3660567709909976,37.8828444444444,0.420342242113787
Loxo,Loxo_1,A,13,172.433734939759,1.83539772727273,2.277517923697742,24.3788636363636,0.350356692145044
Loxo,Loxo_1,A,14,163.951807228916,1.74459770114943,2.314185518468091,33.4498850574713,0.408152817833522
Loxo,Loxo_1,A,15.1,187.493975903614,1.82100418410042,2.1697474574351077,22.634309623431,0.23644947825616
Loxo,Loxo_1,A,16,239.036144578313,1.67316363636364,2.206653399167619,30.7898181818182,0.322187374748912
Loxo,Loxo_1,A,17.1,252.33734939759,1.54654618473896,2.339127953809275,43.4572289156627,0.52604906561037
Loxo,Loxo_1,A,18,357.759036144578,1.6372311827957,2.2423274528894224,26.0771774193548,0.330186400680324
Loxo,Loxo_1,A,20,294.771084337349,1.5813468013468,2.293651638377526,41.0994949494949,0.434556068914321
Loxo,Loxo_1,A,22,303.024096385542,1.5239880952381,2.3689125562657027,45.9961607142857,0.47370342953571
Loxo,Loxo_1,A,24,156.963855421687,1.52603550295858,2.3303520459732003,36.2856213017752,0.360280189406207
Loxo,Loxo_1,A,29,300.493975903614,1.63662721893491,2.301297043196648,32.7328698224852,0.314907780583293
Loxo,Loxo_1,A,31,232.674698795181,1.59496350364964,2.255340743501885,35.8619343065693,0.387102218835859
Loxo,Loxo_1,A,34,413.240963855422,1.59637188208617,2.399266665379556,57.1200680272109,0.489180404166729
Loxo,Loxo_1,A,36,314.590361445783,2.03069256756757,2.2614413896755834,40.8232263513514,0.359512615070406
Loxo,Loxo_1,AT,2.1,42.1686746987952,1.65076923076923,2.3869240655653026,71.4489743589744,0.508778572868923
Loxo,Loxo_1,AT,3.1,45.5180722891566,1.54204545454545,2.4475104001095445,66.2272727272727,0.594261251180389
Loxo,Loxo_1,AT,5.1,122.44578313253,1.94251533742331,2.2991563620752515,57.0900613496933,0.427425468011195
Loxo,Loxo_1,AT,6.1,130.048192771084,2.1956345177665,2.2883436631773444,50.1287817258883,0.435433119417819
Loxo,Loxo_1,AT,7.1,293.530120481928,1.76456445993031,2.371948436385459,66.4997909407665,0.502130732564656
Loxo,Loxo_1,AT,8,183.590361445783,1.80405555555556,2.3397484885526376,42.694,0.452216190616547
Loxo,Loxo_1,AT,9,321.542168674699,1.76846394984326,2.3719028001385802,48.2676489028213,0.503001416507406
Loxo,Loxo_1,AT,10,314.289156626506,1.69558139534884,2.3649935934942383,51.4762790697674,0.451263776703481
Loxo,Loxo_1,AT,11,559.819277108434,1.7791134751773101,2.337486839725459,41.3460460992908,0.456530339770032
Loxo,Loxo_1,AT,12.1,322.433734939759,1.84363861386139,2.26653457880229,39.1528465346535,0.438321777868087
Loxo,Loxo_1,AT,13,476.120481927711,1.7653249475891,2.306992879732412,28.8656184486373,0.408661106290387
Loxo,Loxo_1,AT,14,302.771084337349,1.6833137829912,2.1977543180130006,24.9468328445748,0.334046270754665
Loxo,Loxo_1,AT,15.1,437.44578313253,1.66667396061269,2.2097858874788363,22.84704595186,0.346850404327869
Loxo,Loxo_1,AT,16,450.397590361446,1.5327352297593,2.296373806233683,52.8850547045952,0.569867963496094
Loxo,Loxo_1,AT,17.1,278.710843373494,1.5676124567474,2.2756333894394776,41.6814186851211,0.490513023849641
Loxo,Loxo_1,AT,18,195.771084337349,1.55366834170854,2.294573448865168,52.6109547738693,0.550125282354373
Loxo,Loxo_1,AT,20,316.746987951807,1.55993710691824,2.3221354583126126,35.7840566037736,0.418879330156246
Loxo,Loxo_1,AT,22,603.951807228916,1.58040178571429,2.343014438478811,65.3103720238095,0.567758763538292
Loxo,Loxo_1,AT,29,80.4096385542169,1.58918367346939,2.3138723833400325,20.4986734693878,0.274277847890839
Loxo,Loxo_1,AT,31,386.807228915663,1.65229545454545,2.34788674413721,34.6460454545455,0.357572319295068
Loxo,Loxo_1,AT,34,561.10843373494,1.5244142614601,2.428551302562603,51.1686078098472,0.47989109833133903
Loxo,Loxo_1,AT,36,84.9036144578313,2.26289617486339,2.1695448364109184,32.6067213114754,0.241714033883046
Loxo,Loxo_2,C,3.1,150.289156626506,1.66621428571429,2.4307854689263784,31.1792142857143,0.334860363761678
Loxo,Loxo_2,C,4.1,166.325301204819,1.56887573964497,2.4600720578149105,41.9678106508876,0.438103438525715
Loxo,Loxo_2,C,5.1,148.277108433735,1.6958041958042,2.432094621786224,44.0592307692308,0.420633223044361
Loxo,Loxo_2,C,6.1,137.518072289157,1.79846153846154,2.3827244330744906,38.3347552447552,0.404438813971164
Loxo,Loxo_2,C,7.1,546.710843373494,1.76953068592058,2.342814929389452,33.5970036101083,0.370711848647955
Loxo,Loxo_2,C,8.1,453.879518072289,1.69464135021097,2.3589729271322204,29.9883333333333,0.380785151221868
Loxo,Loxo_2,C,9,332.746987951807,1.74607407407407,2.345398758987855,27.1108641975309,0.32646233284057
Loxo,Loxo_2,C,10,263.301204819277,1.80955172413793,2.29561168347152,25.2673793103448,0.367895492963453
Loxo,Loxo_2,C,11,628.289156626506,1.8658024691358,2.282275811664759,22.7548696844993,0.319133927943544
Loxo,Loxo_2,C,12,344.771084337349,1.80714975845411,2.3411912461898337,23.036038647343,0.400165212697213
Loxo,Loxo_2,C,13,615.506024096386,1.77069701280228,2.3027113730475497,29.0618492176387,0.348830749022915
Loxo,Loxo_2,C,14,347.638554216868,1.68828715365239,2.2732027437985103,27.0348614609572,0.379378403602585
Loxo,Loxo_2,C,15.1,75.9036144578313,1.61987179487179,2.267033863922523,26.6733333333333,0.328697341158943
Loxo,Loxo_2,C,16,95.5060240963855,1.59965909090909,2.2943422030503084,26.7542045454545,0.316519374040539
Loxo,Loxo_2,C,17.1,152.036144578313,1.63566433566434,2.38834568527572,54.8203496503496,0.50969381763091
Loxo,Loxo_2,C,18,60.9879518072289,1.57428571428571,2.268828608337429,32.8088888888889,0.341025821159745
Loxo,Loxo_2,C,20,39.6265060240964,1.67295454545455,2.3187432856725576,26.4072727272727,0.397858083602559
Loxo,Loxo_2,C,22,45.2168674698795,1.54338983050847,2.304967849093914,19.6864406779661,0.34168518164576
Loxo,Loxo_2,C,24,21.3373493975904,1.61666666666667,2.309115379604278,29.6670833333333,0.414856772517983
Loxo,Loxo_2,C,29,656.144578313253,1.64071095571096,2.377336017302971,62.4892191142191,0.567104558346553
Loxo,Loxo_2,C,31,758.277108433735,1.84903257650543,2.3107739756989485,39.0868608094768,0.370284189161064
Loxo,Loxo_2,C,34,1032.22891566265,1.7312987987988,2.2989853428362252,39.6484234234234,0.396321804906208
Loxo,Loxo_2,C,38,375.349397590361,1.62785894206549,2.3118731642549513,33.418564231738,0.412139695693116
Loxo,Loxo_2,T,2.1,93.3012048192771,1.90054054054054,2.344546447324623,33.174954954955,0.341238022944184
Loxo,Loxo_2,T,3.1,179.722891566265,1.62355670103093,2.401195551040909,43.6256701030928,0.446173139528177
Loxo,Loxo_2,T,5.1,409.132530120482,1.74503667481663,2.3880361565396404,40.6619559902201,0.433049769409088
Loxo,Loxo_2,T,6.1,269.771084337349,1.99131736526946,2.2812444927538467,34.64,0.357601618012946
Loxo,Loxo_2,T,7.1,1033.28915662651,1.78683682771194,2.365659703600346,41.6964357338195,0.435953085837769
Loxo,Loxo_2,T,8,151.469879518072,1.83683908045977,2.3278369530645784,26.4117816091954,0.37219604986881
Loxo,Loxo_2,T,9,169.060240963855,1.87551724137931,2.307192729999006,31.1084236453202,0.400561392645316
Loxo,Loxo_2,T,10,720.698795180723,1.70792223572296,2.351969628223956,42.4175820170109,0.475933356295583
Loxo,Loxo_2,T,11,213.481927710843,1.80808943089431,2.2930907829588194,25.2937398373984,0.353862038257859
Loxo,Loxo_2,T,12,133.566265060241,1.72788321167883,2.2617168580266394,24.5417518248175,0.366651718340723
Loxo,Loxo_2,T,13,159.674698795181,1.74538888888889,2.2660854172348546,20.0503333333333,0.325907858349613
Loxo,Loxo_2,T,14,41.3855421686747,1.7090243902439,2.2735940500388376,26.7553658536585,0.333495542065975
Loxo,Loxo_2,T,15.1,58.6867469879518,1.64407407407407,2.255334159819797,26.7046296296296,0.349996278663303
Loxo,Loxo_2,T,16,22.4819277108434,1.62454545454545,2.2657459289744093,32.96,0.502439256658503
Loxo,Loxo_2,T,17.1,19.3253012048193,1.88971428571429,2.083293715105376,20.836,0.36263408459516
Loxo,Loxo_2,T,18,33.1686746987952,1.77235294117647,2.2337692935590105,16.9970588235294,0.29021892353868
Loxo,Loxo_2,T,20,17.5542168674699,1.58473684210526,2.2796909534733385,24.3247368421053,0.357470847170628
Loxo,Loxo_2,T,24,207.66265060241,1.73122047244094,2.2811167913279435,21.4137795275591,0.36127682897493
Loxo,Loxo_2,T,27,102.771084337349,1.65881944444444,2.083926186761686,23.1844444444444,0.399675212246397
Loxo,Loxo_2,T,29,277.325301204819,1.33343511450382,2.2387597271238238,25.8890839694656,0.397828668026305
Loxo,Loxo_2,T,31,898.325301204819,1.65914975845411,2.2933578994912533,29.8622028985507,0.337013310151437
Loxo,Loxo_2,T,34,274.385542168675,1.64917857142857,2.3528614167895543,38.7199285714286,0.425301485786915
Loxo,Loxo_2,T,38,18.6265060240964,1.623,2.340771199809941,28.2745,0.293391568418902
Loxo,Loxo_2,A,3.1,46.1686746987952,1.75921568627451,2.3528915704842173,35.1925490196078,0.309766937555703
Loxo,Loxo_2,A,4.1,33.8795180722892,1.6175,2.4299105596569417,43.5963888888889,0.391562365586284
Loxo,Loxo_2,A,5.1,87.8433734939759,1.70119565217391,2.446180950606039,28.4692391304348,0.366793763756539
Loxo,Loxo_2,A,6.1,74.7831325301205,1.72638888888889,2.4540288393007357,45.0693055555556,0.507134544055742
Loxo,Loxo_2,A,7.1,58.433734939759,1.99847222222222,2.296056703169919,34.7108333333333,0.33736201603076
Loxo,Loxo_2,A,8.1,120.807228915663,1.70141732283465,2.4238609736284453,42.2614173228346,0.421323874873833
Loxo,Loxo_2,A,9,55.3132530120482,1.58508771929825,2.483954214785638,50.8171929824561,0.463408690078906
Loxo,Loxo_2,A,10,121.180722891566,1.82302521008403,2.3562818921384725,28.5123529411765,0.359498539094644
Loxo,Loxo_2,A,11,200.506024096386,1.84676328502415,2.3297777190353384,24.5833816425121,0.334780011802247
Loxo,Loxo_2,A,12.1,337.228915662651,1.88541310541311,2.2304896050123424,32.9750427350427,0.408656221014008
Loxo,Loxo_2,A,13,58.6144578313253,1.77790322580645,2.2540894273483993,21.6606451612903,0.31050912617156
Loxo,Loxo_2,A,14,82.4096385542169,1.79561797752809,2.283109556006172,25.3343820224719,0.277756810975852
Loxo,Loxo_2,A,15.1,350.048192771084,1.71345205479452,2.362265779556689,32.1720821917808,0.329436394322449
Loxo,Loxo_2,A,16,1265.93975903614,1.66698175787728,2.3867597942854784,83.0018905472637,0.555917170861962
Loxo,Loxo_2,A,17.1,285.240963855422,1.65717857142857,2.3998924203144893,41.3932857142857,0.430319652473744
Loxo,Loxo_2,A,18,172.89156626506,1.63174698795181,2.366399776230783,30.980722891566302,0.363049776009349
Loxo,Loxo_2,A,20,282.228915662651,1.620204778157,2.337827653047379,30.187747440273,0.317340875995226
Loxo,Loxo_2,A,22,132.590361445783,1.42843537414966,2.386419244458365,42.1317006802721,0.482070572829705
Loxo,Loxo_2,A,24,805.373493975904,1.48323995127893,2.381572579819334,45.824652862363,0.42462620464599
Loxo,Loxo_2,A,27,175.481927710843,1.61907317073171,2.174038522779451,34.7331707317073,0.380813904440258
Loxo,Loxo_2,A,29,1201.59036144578,1.44456698741673,2.4594161390912888,54.8877202072539,0.477850329890831
Loxo,Loxo_2,A,34,313.66265060241,1.8381884057971,2.2902070468528177,36.3578019323672,0.331189295386724
Loxo,Loxo_2,A,36,194.518072289157,1.45777777777778,2.4446012804454083,32.9257333333333,0.346448578612807
Loxo,Loxo_2,A,38,142.975903614458,1.73311377245509,2.3042633058277966,29.6765868263473,0.327494089240043
Loxo,Loxo_2,AT,2.1,17.7228915662651,1.58272727272727,2.339636611662541,34.5195454545455,0.342830295508517
Loxo,Loxo_2,AT,4.1,111.915662650602,1.60238095238095,2.4212050137561616,46.5792380952381,0.451618352784189
Loxo,Loxo_2,AT,5.1,89.3132530120482,1.72395061728395,2.4228460945543397,34.1107407407407,0.410775289392482
Loxo,Loxo_2,AT,6.1,61.5421686746988,1.83871428571429,2.3896580903897564,35.892,0.356713952267356
Loxo,Loxo_2,AT,7.1,77.4096385542169,1.75695652173913,2.3562675729627194,34.4294202898551,0.327222314058435
Loxo,Loxo_2,AT,8,395.433734939759,1.80813698630137,2.406834369816269,29.6925205479452,0.396873372892413
Loxo,Loxo_2,AT,9,71.3493975903614,1.70628571428571,2.3454143431069836,24.5438571428571,0.311431295969306
Loxo,Loxo_2,AT,10,185.325301204819,1.74064864864865,2.3647660232164176,42.769027027027,0.395788796366658
Loxo,Loxo_2,AT,11,116.963855421687,1.73464912280702,2.331545209411053,26.8595614035088,0.395432779802848
Loxo,Loxo_2,AT,12.1,131.55421686747,1.69528,2.330414422761015,27.0368,0.395032853711746
Loxo,Loxo_2,AT,13,114.325301204819,1.68185185185185,2.33790220428605,28.8984259259259,0.413800067349
Loxo,Loxo_2,AT,14,83.9638554216867,1.68493670886076,2.3382622760163985,31.9822784810127,0.347448869116751
Loxo,Loxo_2,AT,15.1,139.277108433735,1.66140625,2.3469220627317653,36.39890625,0.408801074535759
Loxo,Loxo_2,AT,16,109.325301204819,1.61830508474576,2.288501781137805,27.5007627118644,0.302251324939369
Loxo,Loxo_2,AT,17.1,92.2048192771084,1.56076923076923,2.3617751431121765,45.7191208791209,0.483344638364828
Loxo,Loxo_2,AT,18,152.132530120482,1.62645161290323,2.3550042465735452,58.4852258064516,0.49151322801851
Loxo,Loxo_2,AT,20,217.024096385542,1.48339285714286,2.390843437208204,50.0066517857143,0.525190889412156
Loxo,Loxo_2,AT,22,216.228915662651,1.5837899543379,2.295749404628817,34.7290867579909,0.400494119713478
Loxo,Loxo_2,AT,24,187.987951807229,1.41989247311828,2.3340777317070556,31.3911827956989,0.415655430175494
Loxo,Loxo_2,AT,29,57.6626506024096,1.63030769230769,2.284414767480167,34.2892307692308,0.394188136878577
Loxo,Loxo_2,AT,31,145.024096385542,1.70078212290503,2.26237100362553,28.214469273743,0.257951687676541
Loxo,Loxo_2,AT,34,291.518072289157,1.65037463976945,2.359435670705884,40.4875216138329,0.378831186794757
Loxo,Loxo_2,AT,36,168.024096385542,1.92085714285714,2.264588669334814,39.3945714285714,0.368869105603026
