day,strain,species,treat,repl,density,size,phycoerythrin,chlorophyll,phycocyanin
0,2383,VIII,A,1,3592.22670545239,3.22183551477193,2.3880499926761,4.21935374325735,5.60246481671338
1,2383,VIII,A,1,3514.20766479965,3.15823580038916,2.51312435917143,4.58124062126739,5.98650314542231
2,2383,VIII,A,1,3282.95930677232,3.22061698311877,2.50819374884695,4.66230248851075,6.07589642805555
3,2383,VIII,A,1,3069.53802815747,3.4372047904258,2.56355194794853,4.80221549052907,6.22302620333119
4,2383,VIII,A,1,3340.00911491473,3.5721856112099,2.67602313087691,4.96271009518718,6.351731253317
5,2383,VIII,A,1,3261.01818623557,3.61237982456242,2.60303327633735,5.04029602055482,6.48872690302071
6,2383,VIII,A,1,3375.27709591898,3.58647161793637,2.58077751997379,5.0234985289776,6.47263757500834
7,2383,VIII,A,1,3887.38258628132,3.49667405223904,2.54715066659283,4.85430563460087,6.26633487542267
8,2383,VIII,A,1,4501.49410087557,3.35772677764755,2.53597981041773,4.76127943459461,6.14681463838772
9,2383,VIII,A,1,4679.110929325,3.36347345210769,2.5007178586774,4.63768054769919,6.04210303594405
0,2383,VIII,A,2,3592.74773576884,3.10037331074748,2.39880147164297,4.23506534478924,5.61491850754393
1,2383,VIII,A,2,3480.12495394266,3.1701894611024,2.60134822475621,4.62139383404029,5.99611326753896
2,2383,VIII,A,2,3351.89522982715,3.24085535851072,2.52512161431938,4.6926784321901,6.11939954305531
3,2383,VIII,A,2,3258.25233199616,3.3571904152477,2.54680304535853,4.80955121704508,6.24305198986793
4,2383,VIII,A,2,3404.78443356831,3.50375826929139,2.5715035332374,4.9382818543338,6.38960864788763
5,2383,VIII,A,2,3351.61188426342,3.62265008626398,2.60363165487606,5.02639238163138,6.48259652723446
6,2383,VIII,A,2,3361.38605755896,3.70125331308259,2.59585509719525,5.0713534011256,6.54589855250444
7,2383,VIII,A,2,3963.68149423992,3.62457789340564,2.61871565575451,5.21361572342014,6.6293975488107
8,2383,VIII,A,2,4506.77864622593,3.4885931324701,2.61958168646771,5.08372046257503,6.53371605061438
9,2383,VIII,A,2,4387.25834737286,3.62417223099083,2.6114230582537,5.13294366526876,6.60126299848251
0,2383,VIII,A,3,3546.69842323064,3.20018032822512,2.41717852024878,4.25141364339011,5.62553766867821
1,2383,VIII,A,3,3323.70523256536,3.1425921439102402,2.50629822094841,4.58903969126367,5.9814844680452
2,2383,VIII,A,3,3519.58610624946,3.22901954462654,2.501153487697,4.63614154901293,6.05346616664072
3,2383,VIII,A,3,3202.99079079794,3.3500181795983,2.55154662059295,4.8096207839572,6.23359442010077
4,2383,VIII,A,3,3094.14710694912,3.54460783451796,2.57982218322162,4.9572645338769,6.39222751432097
5,2383,VIII,A,3,3340.91580088085,3.6381474214113,2.6094243488753,5.06711113025089,6.50329397645452
6,2383,VIII,A,3,3235.58805965933,3.73505997338575,2.59452885359173,5.10658066441952,6.55722374226238
7,2383,VIII,A,3,3608.50775503297,3.64121149094832,2.63017983864449,5.20088176661825,6.61853872527392
8,2383,VIII,A,3,4271.39413915953,3.54130589486373,2.62602961652778,5.12911688556983,6.5662268166258
9,2383,VIII,A,3,4268.61050728859,3.68189908811927,2.61514032693332,5.20488458120283,6.66487067099206
0,2383,VIII,AT,1,3494.0171336496,3.08883610763707,2.41286646674481,4.26660628580837,5.66164809315967
1,2383,VIII,AT,1,3676.10231478948,3.19623322763394,2.51805429764335,4.75421604546643,6.130234693704
2,2383,VIII,AT,1,3787.7588050652,3.23045918346193,2.5269595979742,4.75807919260938,6.16770225084644
3,2383,VIII,AT,1,3489.17418939718,3.46487921975638,2.57524029889561,4.93889571147584,6.39263733762922
4,2383,VIII,AT,1,3932.2713689718,3.33324526119395,2.5649430896155,4.96118083674708,6.38876573465973
5,2383,VIII,AT,1,4365.44706610754,3.3018600242046,2.54463687279912,4.79580621946784,6.22713215284588
6,2383,VIII,AT,1,4765.34659574312,3.32277090637264,2.51500660601201,4.64299604061964,6.09002821260041
7,2383,VIII,AT,1,4913.08630286352,3.40903529927061,2.48196566025461,4.58013298164383,6.0126913705833
8,2383,VIII,AT,1,8424.61333502385,2.99565065847644,2.43662747425168,4.44995717802019,5.88989579968782
9,2383,VIII,AT,1,7981.71293933885,2.8936767895947,2.40943525844535,4.38623372391417,5.81940787993468
0,2383,VIII,AT,2,3457.56918826217,3.09279315324447,2.44516784802187,4.29156997299968,5.67465904716451
1,2383,VIII,AT,2,3949.5638257753,3.1325437691341,2.52930861471891,4.76843308397646,6.15248089612224
2,2383,VIII,AT,2,3972.64941019362,3.17813841967747,2.53474494806669,4.71922312438922,6.12676034674439
3,2383,VIII,AT,2,3919.77106591059,3.38305871785312,2.58845611944663,4.89609948626806,6.34186423110047
4,2383,VIII,AT,2,4447.14256283716,3.28491459866077,2.57874509636283,4.9330144175047,6.36627423504369
5,2383,VIII,AT,2,4723.69299867388,3.27033629489788,2.54953903733834,4.78253183684325,6.2279146538797
6,2383,VIII,AT,2,8542.16099680609,2.85714265412149,2.43418574346487,4.51522062938434,5.99410829650364
7,2383,VIII,AT,2,9291.15700426855,3.00030468250619,2.428351813276,4.49327577060231,5.95046677042232
8,2383,VIII,AT,2,9269.38940020442,2.95868655348589,2.43852964400137,4.40737619141341,5.86875587325779
9,2383,VIII,AT,2,9120.83963546323,2.92247116965153,2.40226779305386,4.34478888460563,5.78759595256785
0,2383,VIII,AT,3,3648.69177505407,3.07903006364401,2.42197730418879,4.2969767486832,5.67728759027364
1,2383,VIII,AT,3,3690.73291727774,3.12796498009374,2.54502540471612,4.76694619077693,6.14568345170651
2,2383,VIII,AT,3,3929.5111920384,3.1467514391277,2.6049791531962,4.73841148902155,6.11972192425019
3,2383,VIII,AT,3,3751.34911200165,3.34764458416841,2.56996144867259,4.91173640392025,6.36146172778335
4,2383,VIII,AT,3,4571.39716642438,3.1991447354871,2.56939910062273,4.91404528579101,6.34765666589802
5,2383,VIII,AT,3,4987.50233503153,3.20236140444051,2.52784437196958,4.77001591639335,6.21760341347493
6,2383,VIII,AT,3,8967.01052649004,2.79896461619516,2.42830608554415,4.54001742448033,6.03600860980992
7,2383,VIII,AT,3,9115.76532789265,2.94017717270159,2.43172301369981,4.47422934633605,5.94598223772493
8,2383,VIII,AT,3,8840.0540085393,2.92661272989001,2.42691336312332,4.40212615450414,5.87871104343076
9,2383,VIII,AT,3,9587.63081938638,2.91453050342325,2.41555582660121,4.36328418698716,5.82939741519844
0,2383,VIII,C,1,3392.65478712079,3.13072198124361,2.49182369859462,4.6121134790664,6.0584027872017
1,2383,VIII,C,1,8365.95703158805,3.16905191328381,2.56017462920727,5.11324470161998,6.5879042252212
2,2383,VIII,C,1,15171.8865805761,2.85395740484544,2.51804756250301,4.78301436778522,6.30376357695154
3,2383,VIII,C,1,25668.9770496526,2.89924302348577,2.50528215221259,4.8706458166607,6.35298227289202
4,2383,VIII,C,1,49578.5545612877,2.79848008798815,2.53871521853066,4.88119746524544,6.44684319372545
5,2383,VIII,C,1,75250.7709366232,2.79514653695857,2.47743010129221,4.69794129934649,6.29918752773159
6,2383,VIII,C,1,86422.496553149,2.54139188655251,2.41296740844798,4.41508555753614,6.02773276189648
7,2383,VIII,C,1,87355.1924127101,2.65267777774611,2.39525697621059,4.36847533864189,5.97928058788327
8,2383,VIII,C,1,105334.671042001,2.61997594158568,2.40356778712542,4.28035223242945,5.86476571819032
9,2383,VIII,C,1,168971.304231731,2.5753586308968,2.39004077185918,4.2580548364576,5.85151373239126
0,2383,VIII,C,2,3289.44443859247,3.18422058719722,2.49979119674655,4.63608064301384,6.08723549551898
1,2383,VIII,C,2,9418.1545546276,3.11660998483518,2.56756938805911,5.08251761375149,6.56906736566903
2,2383,VIII,C,2,15886.3598130751,2.82547769152338,2.52103667865086,4.77499314061686,6.29696414223618
3,2383,VIII,C,2,27850.4536345109,2.95067958809711,2.53172221334539,4.85278627008735,6.34190288610992
4,2383,VIII,C,2,50827.1122402152,2.77112386032857,2.51408117784653,4.8212786945075,6.3856468163373
5,2383,VIII,C,2,72745.4905112253,2.7591856294699,2.45765339717813,4.65697808980256,6.25567860796949
6,2383,VIII,C,2,96154.4407888888,2.52300958559461,2.42811261366896,4.43902074662786,6.05421439980702
7,2383,VIII,C,2,90534.0872050953,2.62454748806633,2.39749820101963,4.30709611002412,5.93316492681647
8,2383,VIII,C,2,103819.091112748,2.60009211156331,2.3991138782646,4.25566036554216,5.85831903960983
9,2383,VIII,C,2,106495.686942358,2.50915034131021,2.35102603659368,4.13654722643172,5.72226133815421
0,2383,VIII,C,3,3372.84614501249,3.19071169871393,2.49267721365382,4.62024777899867,6.07520262015655
1,2383,VIII,C,3,8930.34818298392,3.08115139386903,2.57531172102616,5.0902756210117,6.58098723988941
2,2383,VIII,C,3,14450.7260984006,2.79990768473771,2.51419994305818,4.79171499091148,6.32091207703256
3,2383,VIII,C,3,26459.3152852165,2.95274931061777,2.53302482713672,4.84463099702688,6.32743105212257
4,2383,VIII,C,3,42321.8041217814,2.75788589432575,2.510995762137,4.8855401752276,6.44303918436037
5,2383,VIII,C,3,72517.4550550281,2.7291999536903,2.46120982614695,4.70715798233798,6.2883747854757
6,2383,VIII,C,3,92804.3134341613,2.57492393128246,2.43707426908946,4.5243045526895,6.13730633935481
7,2383,VIII,C,3,80315.9473448521,2.64661266664664,2.42852818813695,4.42567615262309,6.06380792748326
8,2383,VIII,C,3,97744.5189546779,2.64549885416766,2.41449060078468,4.34445786317423,5.94476110826105
9,2383,VIII,C,3,153703.407036423,2.59760602771376,2.38157865620222,4.25717215289572,5.83787319631277
0,2383,VIII,T,1,4520.46846007736,2.93957031074425,2.57751179384025,4.62521407939279,6.03395930544003
1,2383,VIII,T,1,9592.57211781077,3.19754720902848,2.57742845668976,5.05397103123321,6.53381823607066
2,2383,VIII,T,1,15966.2907404088,2.97123032370773,2.50194496130551,4.80180918738737,6.3054104187678
3,2383,VIII,T,1,35193.2812523058,2.71669009324603,2.4996016959893,4.7724096069839,6.2434682829754
4,2383,VIII,T,1,64627.9333714936,2.80141170267706,2.45800588473354,4.79769188866938,6.33820304459183
5,2383,VIII,T,1,88708.3928199214,2.79390674152539,2.45114276703476,4.6074678517704,6.18684622282545
6,2383,VIII,T,1,140862.473403858,2.47556376399764,2.38177468764869,4.3947443145045,5.97630235645387
7,2383,VIII,T,1,129195.641723023,2.67268990930251,2.39629411365132,4.24173634164783,5.83520268267942
8,2383,VIII,T,1,154758.109559122,2.62393092659284,2.35243190413451,4.14522999507542,5.69484157828276
9,2383,VIII,T,1,151853.589677276,2.68486618339469,2.33520143589592,4.08195864916405,5.62372342709251
0,2383,VIII,T,2,4171.85024915352,2.8665139949008,2.48687286082849,4.57570501369514,6.02731759238985
1,2383,VIII,T,2,11229.7039144181,3.20923032752034,2.56098443607331,4.96932763449798,6.43887564968717
2,2383,VIII,T,2,18879.0509385302,2.9897989330902,2.48704474733629,4.72991693322266,6.23094124456246
3,2383,VIII,T,2,37032.408586989,2.77496599970239,2.50932504356674,4.82000594870639,6.29549293481046
4,2383,VIII,T,2,77853.2001272516,2.77507120270895,2.47244232639144,4.62591732145706,6.15914344742126
5,2383,VIII,T,2,111673.711473678,2.75153097715471,2.37200179715637,4.33734657664244,5.90839270242981
6,2383,VIII,T,2,139907.615239733,2.43506036094688,2.33738490801069,4.14897410076154,5.71103717536369
7,2383,VIII,T,2,153493.930596099,2.68891479060844,2.32453391103131,4.03700979074883,5.60885149398861
8,2383,VIII,T,2,148009.2225133,2.62000045765472,2.31143134464969,3.95133840973549,5.46992343046971
9,2383,VIII,T,2,143770.423109245,2.68103347535055,2.29504886385657,3.88132703701628,5.3795474250551
0,2383,VIII,T,3,4317.60208276864,2.86995040253935,2.51427965598151,4.56014595395343,6.00854847380992
1,2383,VIII,T,3,9487.27086543138,3.21967259318309,2.56247572874999,4.95443458393406,6.4281240156187
2,2383,VIII,T,3,17096.2428425045,2.94903022376876,2.48495830248458,4.6822804233787,6.18174603242336
3,2383,VIII,T,3,37708.3575295294,2.70276636579017,2.49660099524472,4.75766231939839,6.23325816670436
4,2383,VIII,T,3,76689.6057030595,2.87757500919688,2.471555115303,4.58606118092693,6.11479696683057
5,2383,VIII,T,3,110609.374794395,2.73939119712855,2.38762014941127,4.33909432724073,5.90048165301707
6,2383,VIII,T,3,156577.140393214,2.51539037623805,2.34982365242306,4.14651934467616,5.6930302847378504
7,2383,VIII,T,3,152526.450645173,2.7054295354709,2.29881324568012,3.99405562759273,5.54242807963052
8,2383,VIII,T,3,175150.509661106,2.6530730295553,2.30749286872735,3.9302178867758,5.42709242913843
9,2383,VIII,T,3,155646.694190485,2.71413804800278,2.2794005153932,3.88720360252487,5.36846995492627
0,2434,VIII,A,1,3997.60501206114,3.23560162119875,2.36345681624371,4.15236638564924,5.18581218867363
1,2434,VIII,A,1,4050.27160420369,3.09221972723324,2.464263757212,4.39089700514838,5.57601384832175
2,2434,VIII,A,1,4081.01012010588,3.17124040509003,2.48665015477996,4.45734982709869,5.66991916361132
3,2434,VIII,A,1,3762.03082089385,3.26171269112304,2.488049425438,4.5686023563509,5.81520163519423
4,2434,VIII,A,1,3820.22442725436,3.27491417150813,2.50817896394862,4.60586534676868,5.7879826589957
5,2434,VIII,A,1,3995.07483369669,3.29857090757125,2.48192653924883,4.54853989284605,5.63406292797943
6,2434,VIII,A,1,4197.91305580661,3.26581750784789,2.43135148913193,4.49062759444458,5.52681704773093
7,2434,VIII,A,1,4220.63034392352,3.31959609831714,2.44891730609679,4.4833340723634,5.40139852173267
8,2434,VIII,A,1,4179.87506539892,3.30722397726486,2.4257942072406,4.40957173314899,5.26023038789532
9,2434,VIII,A,1,4006.54233613961,3.36886330008613,2.38565700165785,4.33529150990737,5.1852475770723
0,2434,VIII,A,2,4053.44100108371,3.19474825279923,2.3771353419937302,4.18021409388758,5.22538985060828
1,2434,VIII,A,2,4120.26400891489,3.04009740480578,2.4494763755439,4.39329745776032,5.58059905547869
2,2434,VIII,A,2,4100.83778594547,3.14220923944704,2.47630251752345,4.47361063317416,5.70186911980806
3,2434,VIII,A,2,3945.24452434529,3.19175601137312,2.50764821737014,4.57477633123767,5.82666995283399
4,2434,VIII,A,2,4035.86667798093,3.27237271690855,2.53403469602768,4.73733526705276,5.9987488419171
5,2434,VIII,A,2,4262.60249427698,3.34213795168425,2.54466754718042,4.84912041480986,6.10712885147971
6,2434,VIII,A,2,3877.25244502189,3.35700579448159,2.57047473090443,4.9015864581894,6.14786936798896
7,2434,VIII,A,2,3924.82709136909,3.50285291385071,2.63208199992539,5.20199788450283,6.49530974412906
8,2434,VIII,A,2,4483.47426098171,3.47823502583881,2.62540988182395,5.16097141124085,6.47124383613473
9,2434,VIII,A,2,4551.78887903969,3.51532813395773,2.61773621009526,5.14355357018063,6.47502067128442
0,2434,VIII,A,3,4184.39534714543,3.19230970435062,2.34585457244176,4.11533983869187,5.14989382831769
1,2434,VIII,A,3,4055.74038821547,3.0720974541547,2.44382317743827,4.4174296423773,5.58798349628794
2,2434,VIII,A,3,4035.02915024524,3.13686306863153,2.4698442500929,4.46459604139659,5.66769374000493
3,2434,VIII,A,3,3872.62456018021,3.21218421456687,2.50974479818563,4.59587356494973,5.84086702911457
4,2434,VIII,A,3,3739.30179255729,3.29543792950215,2.52939904943439,4.72942156075861,5.97769989146904
5,2434,VIII,A,3,3705.18338178635,3.33093164521743,2.57401299295279,4.85215353599628,6.10670136397861
6,2434,VIII,A,3,3729.42244203044,3.40219236763073,2.58598583039431,4.94668440502142,6.18743323261091
7,2434,VIII,A,3,3803.16581317589,3.47132824787072,2.62987043405729,5.17705981580079,6.46748023149046
8,2434,VIII,A,3,4392.48660056048,3.46505856433764,2.63921237791599,5.18398182136702,6.48383296706044
9,2434,VIII,A,3,4418.08170790233,3.50844502289326,2.6014110457544,5.1188652059134,6.44895872204871
0,2434,VIII,AT,1,4172.30924620197,3.13873993776274,2.388190496322,4.20131662295399,5.30212408095503
1,2434,VIII,AT,1,4021.15222414257,3.08596773572304,2.49754601470266,4.50028794237009,5.69665861443305
2,2434,VIII,AT,1,3986.94783638328,3.18629988984406,2.50389261333794,4.60501405570443,5.84603948057883
3,2434,VIII,AT,1,3822.46715384783,3.29364602737759,2.518160637958,4.60526050693615,5.71084831471112
4,2434,VIII,AT,1,4222.86391951803,3.31207065673748,2.46441326921236,4.59784326938336,5.51273683781481
5,2434,VIII,AT,1,4072.84254174278,3.34812858795629,2.4198998005074,4.4424958108861,5.27308804554466
6,2434,VIII,AT,1,4350.22449329593,3.32762888806941,2.37847001534739,4.32933205556193,5.16293096681096
7,2434,VIII,AT,1,4278.21617912861,3.36062165086605,2.32278939420145,4.19393153026688,4.92451199171687
8,2434,VIII,AT,1,4255.95600688592,3.37874766234405,2.33861254147013,4.15752280660982,4.86534182370563
9,2434,VIII,AT,1,4257.73794589431,3.40837597788591,2.31690610113279,4.15633665237518,4.85534977982622
0,2434,VIII,AT,2,4194.63749179587,3.11402004583524,2.36301602371476,4.17755123495472,5.26769181815884
1,2434,VIII,AT,2,4149.89460336166,3.10756314190605,2.48619432965405,4.52648125581913,5.72041931053319
2,2434,VIII,AT,2,4316.44147525043,3.19613983681252,2.52331963586822,4.63121184553428,5.88040459368889
3,2434,VIII,AT,2,3946.03606651188,3.31889761059034,2.5096063530312,4.63801346655606,5.75337838586641
4,2434,VIII,AT,2,4425.3657550768,3.34724462799563,2.48493669200043,4.62601890022412,5.55554038773895
5,2434,VIII,AT,2,4463.63851283507,3.30617768819675,2.42103017115229,4.43709831472558,5.28966820889156
6,2434,VIII,AT,2,4478.13594184824,3.33563221191879,2.39017848313311,4.31444757467776,5.15601291874947
7,2434,VIII,AT,2,4381.09839947147,3.32855359950739,2.35455101018063,4.2369818754993,4.99845029349622
8,2434,VIII,AT,2,4705.29667232483,3.39625867772364,2.30651271978872,4.10774761252927,4.86753162808883
9,2434,VIII,AT,2,4215.22371385249,3.39851857883682,2.29722381814182,4.11169972787704,4.85450346873253
0,2434,VIII,AT,3,4341.79294601766,3.13182595470914,2.37588676559786,4.22851767842445,5.30471749073197
1,2434,VIII,AT,3,4023.76456712512,3.14779752457871,2.49859807178272,4.55444399019732,5.73921382138221
2,2434,VIII,AT,3,3866.48342150891,3.23131439779934,2.52525117482,4.63300399534081,5.86782822793317
3,2434,VIII,AT,3,3922.75607084399,3.29413250566509,2.52414204215022,4.69049827946777,5.82248225873117
4,2434,VIII,AT,3,4226.6966543638,3.40225124054603,2.49403729778947,4.6501078179096,5.5898139906302
5,2434,VIII,AT,3,4115.02280015995,3.37607954597542,2.41772933765793,4.44409184605246,5.28894651962384
6,2434,VIII,AT,3,4514.73373497443,3.39241471125846,2.38432921277532,4.29517064468505,5.1286849784568
7,2434,VIII,AT,3,4664.79880964317,3.37639211113007,2.29200166334014,4.15500271487575,4.88888654443195
8,2434,VIII,AT,3,4560.12394855588,3.29479689300457,2.2967927036954,4.04762641082323,4.77284689049668
9,2434,VIII,AT,3,4600.69327997511,3.33474238896704,2.25799239813819,4.06732414039597,4.79134347207742
0,2434,VIII,C,1,3806.51124651714,3.16898981096416,2.52731868690204,4.7003288838031,5.99256253950883
1,2434,VIII,C,1,10403.9535985209,3.17948332265632,2.54564655556369,4.97219852648924,6.3604157443625
2,2434,VIII,C,1,14037.7256164244,3.22385164309219,2.55427834168006,4.98157518844219,6.38432979860903
3,2434,VIII,C,1,20965.618506469,3.25610052131846,2.57088411711254,5.05946382334868,6.45265224133325
4,2434,VIII,C,1,36018.6098182547,3.31882118476698,2.55071091209251,5.00148506811535,6.37693943590873
5,2434,VIII,C,1,70715.2492558536,3.25802923657803,2.44916400935746,4.64429982196903,5.99285731552107
6,2434,VIII,C,1,93621.4406361333,3.17698642277136,2.37878569845407,4.45042254157698,5.79414814797988
7,2434,VIII,C,1,95507.7856361147,3.13762410487712,2.32806211634862,4.13051010024701,5.42646668248454
8,2434,VIII,C,1,112014.690837852,3.13018069570236,2.28469588075449,4.00568392595131,5.15175538701253
9,2434,VIII,C,1,120133.111457295,3.09609380088227,2.20444905210196,3.83819619868542,4.8143615470236
0,2434,VIII,C,2,4007.55668358002,3.15170396288688,2.52439598428048,4.69457101758465,5.97730175299377
1,2434,VIII,C,2,10220.4078166072,3.21978456107305,2.5682438718934,4.99170886408916,6.38647732730693
2,2434,VIII,C,2,13853.0650138091,3.22188102885663,2.53514062644876,4.98192802269904,6.3861776673360104
3,2434,VIII,C,2,24289.3079715989,3.30252105174898,2.54356415663797,5.01725713311993,6.40517213310892
4,2434,VIII,C,2,38852.9213743839,3.32440768602003,2.53943002426845,4.95675950563221,6.33131072315567
5,2434,VIII,C,2,82021.8769012233,3.25967892552655,2.44751705437924,4.6297177599747,5.97021696724715
6,2434,VIII,C,2,93561.8725988387,3.15066606371942,2.37078051624813,4.33344816703402,5.63982892267238
7,2434,VIII,C,2,98453.7548555955,3.146967727442,2.25984430573243,3.95370030588352,5.1640831091015
8,2434,VIII,C,2,104821.063381631,3.15953139575937,2.19395062994386,3.77892216437515,4.80870393056807
9,2434,VIII,C,2,71799.3245838044,3.23334973317574,2.18123774900708,3.7276344575317,4.61833675416676
0,2434,VIII,C,3,4024.78258094841,3.19095508462504,2.49837629278353,4.68247857717485,5.96591137766397
1,2434,VIII,C,3,10731.2538671739,3.15076333647487,2.54493234163223,4.98754294045543,6.38144865469087
2,2434,VIII,C,3,13653.1109910995,3.20023271562889,2.54785980775804,5.00946157273593,6.4201110134447
3,2434,VIII,C,3,21534.4895300918,3.30365313089175,2.55857341003387,5.03657536867024,6.41266895683873
4,2434,VIII,C,3,36067.8445270171,3.29736269947711,2.56266351846637,5.02279545586247,6.40179546834123
5,2434,VIII,C,3,68859.8535446441,3.21219048701736,2.48125009547772,4.72320388118148,6.07032782337972
6,2434,VIII,C,3,90726.0670069959,3.13694748257023,2.41368977462482,4.51930662816453,5.88683421025012
7,2434,VIII,C,3,85953.1763565469,3.09605503418023,2.31760388925707,4.14077639718407,5.49781023319218
8,2434,VIII,C,3,98138.409490727,3.13000587599849,2.31118205531999,4.02944472587251,5.23540264607598
9,2434,VIII,C,3,101129.482266979,3.09023850782991,2.20472970490214,3.85665665120985,4.86327540310032
0,2434,VIII,T,1,4125.34411253039,3.09645762358196,2.52327965206421,4.80517754392091,6.17708190679796
1,2434,VIII,T,1,10440.9933037995,3.28941139831858,2.55807111431367,5.02576710370501,6.42123978152712
2,2434,VIII,T,1,15758.4383587364,3.22682774219048,2.53375140004606,4.93725219865838,6.32965867141029
3,2434,VIII,T,1,26853.7949253504,3.26718028454884,2.57630598535509,5.1296419352852904,6.54247414391695
4,2434,VIII,T,1,37534.1573070894,3.39877737498344,2.55927835922398,5.00919893450542,6.40149006987606
5,2434,VIII,T,1,82362.5600160847,3.23933418587047,2.4390410051355502,4.59878191176122,5.95322670283641
6,2434,VIII,T,1,116135.91737247,3.08153766932975,2.40135860949783,4.39507664311972,5.68669820482274
7,2434,VIII,T,1,109713.336386729,3.13867228176783,2.3111719139512,4.01976781240597,5.19718285507888
8,2434,VIII,T,1,123758.237804229,3.08496295610126,2.22122483304696,3.83924834658017,4.83441945529332
9,2434,VIII,T,1,88274.3840919673,3.155285556293,2.16542728136574,3.73493648566614,4.58825567296622
0,2434,VIII,T,2,4126.56611171568,3.11526594908183,2.53600897113572,4.7945281334356,6.17151879971984
1,2434,VIII,T,2,11739.6513057944,3.33798570106366,2.54170211162324,4.92273061675022,6.31109252816848
2,2434,VIII,T,2,17993.9975972213,3.26278359276577,2.50590780391338,4.86440342827143,6.26436092602782
3,2434,VIII,T,2,27740.6157861231,3.23705110216738,2.57391916791233,5.07024851384746,6.47897263799554
4,2434,VIII,T,2,53899.2399327382,3.25665352473794,2.48440821070586,4.7088401771431,6.09165733248417
5,2434,VIII,T,2,78216.9348522937,3.26855655129407,2.34601877082357,4.24869261113745,5.57734585465364
6,2434,VIII,T,2,112007.543767213,3.0447026714938,2.3099607052127,4.10072702216495,5.27351587459138
7,2434,VIII,T,2,108674.029921444,3.11671222261703,2.21386285436541,3.67727764869026,4.79408192708749
8,2434,VIII,T,2,102384.425184343,3.08291355738203,2.09495587546857,3.52698140017791,4.45260935226246
9,2434,VIII,T,2,77817.0156596971,3.14548152806621,2.03860819060671,3.46013560356304,4.27035091095872
0,2434,VIII,T,3,3979.48742669608,3.07766710834035,2.54463129481754,4.75965099700519,6.11987908763341
1,2434,VIII,T,3,11498.3297310468,3.34054431609473,2.52125545825722,4.89772937243088,6.26911319344964
2,2434,VIII,T,3,17619.1894409971,3.25053447710077,2.50818713648043,4.82044613626412,6.20489356799585
3,2434,VIII,T,3,31207.8418633962,3.31289447869042,2.58547225194971,5.06670759307823,6.47702457570569
4,2434,VIII,T,3,60491.0007948301,3.31237546196766,2.48167011224314,4.77053322111538,6.14551434115326
5,2434,VIII,T,3,91651.8474715788,3.28140929275011,2.359372131447,4.24141947666796,5.57146872005536
6,2434,VIII,T,3,105219.41189871,3.07192817006769,2.25772561341971,4.02919756876395,5.15902671135742
7,2434,VIII,T,3,118858.465179444,3.21510592813633,2.17624989069566,3.62567684518252,4.71881292346441
8,2434,VIII,T,3,122947.47178896,3.13391213599605,2.08179626783383,3.4611944910302,4.36634247448456
9,2434,VIII,T,3,82457.926342131,3.18223720639112,1.99602991615187,3.39040199330831,4.17493318341124
0,2375,V,A,1,4308.63631206186,3.54635234197581,5.23203489397942,5.17557363932518,4.98807163158551
1,2375,V,A,1,4442.51094435093,3.64500403356837,5.60328875890753,5.59543406031315,5.32859310269805
2,2375,V,A,1,4298.03906592962,3.6788952493357,5.53118115074179,5.6519910731462,5.37924095555043
3,2375,V,A,1,4322.05902027314,3.89825281177958,5.94503339912348,5.85223666318562,5.53758358080027
4,2375,V,A,1,4609.33456128648,4.00282357454666,6.14616933724194,5.94049108627349,5.60484224006977
5,2375,V,A,1,5367.35070077916,3.94511090873674,6.14611407878241,5.86287985066358,5.51004735078809
6,2375,V,A,1,8417.03099703,3.97901415800137,6.37143475937986,5.9144066691229,5.56377683687853
7,2375,V,A,1,8329.4804984457,4.21115268020132,6.30292277145797,5.87692939550159,5.51803104204844
8,2375,V,A,1,7851.49744673591,4.37269895690444,6.23843710811351,5.859712372373,5.4983087347273
9,2375,V,A,1,7526.65413506772,4.53397650835831,6.46994794149727,6.01498238159459,5.67147383824126
0,2375,V,A,2,4389.15152056835,3.53489596538296,5.23059484439379,5.19435755977133,5.0122568121995
1,2375,V,A,2,4523.55808488036,3.63936437422412,5.63633913653766,5.60367075488749,5.33789771519333
2,2375,V,A,2,4440.42858796999,3.67795839297403,5.5958578977146,5.64908353642575,5.3711104276253
3,2375,V,A,2,4618.60934341472,3.8900918903656,6.01127968065059,5.88510717728494,5.56140828680828
4,2375,V,A,2,4675.48473782495,3.99951284512815,6.21371734605153,5.95234030265381,5.60822173448899
5,2375,V,A,2,5636.73904816127,3.93447044240708,6.19754383589813,5.84382366580886,5.49644008619921
6,2375,V,A,2,8688.29988657778,3.99462804094808,6.39750211655862,5.90057988251908,5.56174929008858
7,2375,V,A,2,9728.3983512804,4.05866596628055,6.4231072579365,5.98941347303702,5.60987286928405
8,2375,V,A,2,13421.3651187387,3.79451807412539,6.22119386609502,5.81761346873735,5.42689669382
9,2375,V,A,2,14304.8987563992,3.8693679514908,6.3181436815133,5.90192378913462,5.50252341971986
0,2375,V,A,3,4204.43135652384,3.57053199362687,5.23298462978294,5.20863012001673,5.02918216957849
1,2375,V,A,3,4345.7693475574,3.5999868689722,5.59544699274659,5.5826588465018,5.31760976973184
2,2375,V,A,3,4196.70751868782,3.65018590650919,5.50981058475768,5.61179386937826,5.34072059731976
3,2375,V,A,3,4251.22374537644,3.85534628432883,5.92724846527209,5.84525882382337,5.5362608894387
4,2375,V,A,3,4300.08804172607,3.99493325200806,6.14896117360019,5.9388595681834,5.59405237826293
5,2375,V,A,3,5094.11081762356,3.91871848021235,6.13845064080612,5.85395984080177,5.50212037920468
6,2375,V,A,3,7413.38095866224,3.93748510438264,6.34185346986378,5.91659287363829,5.57269792938254
7,2375,V,A,3,8926.02746348975,4.15384496101088,6.46959379406526,6.0572248952503,5.67793956024573
8,2375,V,A,3,12278.1591714088,3.84077769050265,6.19906430157078,5.87137719354268,5.48041510150072
9,2375,V,A,3,12999.9978894121,3.85798119268065,6.31367494145321,5.9322406271591,5.52441917287741
0,2375,V,AT,1,4377.79769949429,3.4839121790508,5.16211442457364,5.17970894051013,5.00744063589297
1,2375,V,AT,1,4633.74567835144,3.6501142353226,5.82997978764247,5.78042898705305,5.40755449477981
2,2375,V,AT,1,4333.5879166931,3.77038701441518,6.00888637095262,5.89882632981865,5.50614777642033
3,2375,V,AT,1,4796.32009639352,3.94555538898145,6.40065334183499,6.01694963298389,5.61752346644205
4,2375,V,AT,1,8384.74239206472,3.75495302389077,6.30680241351047,5.98469586220247,5.56878650929751
5,2375,V,AT,1,8891.9945107554,3.95683261960245,6.37661806089234,5.96146870171702,5.55392444453043
6,2375,V,AT,1,7425.66608194446,4.07959504051655,6.50028023315313,6.08542861498219,5.70902884451899
7,2375,V,AT,1,7455.24982004725,4.20345338056985,6.32663665787456,6.06282114258506,5.696500381533
8,2375,V,AT,1,7748.440560332,4.31523150568795,6.39891567461292,6.03786119753544,5.6706530651196
9,2375,V,AT,1,6475.97737948962,4.33174166087152,6.56648297570148,6.25743429555267,5.92705691744416
0,2375,V,AT,2,4489.44111794491,3.46428597221302,5.19656152014715,5.18710018213944,5.0076813179437
1,2375,V,AT,2,4706.35447255001,3.69945142122132,5.91820895113178,5.83554918385824,5.43561488024337
2,2375,V,AT,2,4688.46693932001,3.83551334590482,6.10957939291917,5.94343209844115,5.54345622469522
3,2375,V,AT,2,4843.02345637288,3.92323785948428,6.44346399034177,5.99732947176707,5.57728512422245
4,2375,V,AT,2,8797.0514516616,3.8001595118043,6.35844200359478,6.00996438883838,5.59227601188244
5,2375,V,AT,2,10321.7712439456,3.88297025500373,6.31490507885245,5.8935143169119,5.49275621361954
6,2375,V,AT,2,8659.72303216256,4.02813333762441,6.45632800534651,6.04258476084034,5.6719183276021
7,2375,V,AT,2,8672.85548253335,4.21120135460114,6.50075684383871,6.09101088760117,5.72660974040401
8,2375,V,AT,2,9946.56663803815,4.29297882397206,6.44208067250313,6.0185141101614,5.65647117452845
9,2375,V,AT,2,7619.43177594165,4.35957743533879,6.63501671814386,6.28840621153951,5.96837628913242
0,2375,V,AT,3,4426.39655405916,3.46991109070318,5.1926705178289,5.20357618533034,5.01357043041853
1,2375,V,AT,3,4831.78472484365,3.66616785149636,5.83397299737513,5.79431020510669,5.40403935946246
2,2375,V,AT,3,4538.55132876369,3.82535320959854,6.10728155162017,5.95294289659358,5.54735943476079
3,2375,V,AT,3,5394.47018305902,3.98270833333007,6.42230785332018,6.04210080318311,5.61574911968016
4,2375,V,AT,3,8779.64145563147,3.85011092307731,6.31854633415644,6.01735922971786,5.59573412302559
5,2375,V,AT,3,10104.3959651592,3.87907491386801,6.45001850810432,6.02668414707737,5.57501713648024
6,2375,V,AT,3,9668.95509658751,4.08463458057673,6.59827309994314,6.1471118134395,5.73398188887951
7,2375,V,AT,3,9969.74805033584,4.24724766192559,6.61338137962912,6.11730676026231,5.72316301882941
8,2375,V,AT,3,9481.78368792467,4.34619166265967,6.54751938009941,6.08680016503874,5.68482613023062
9,2375,V,AT,3,7758.48684779032,4.47459291419597,6.79449420438941,6.3374430642151,6.00190377735732
0,2375,V,C,1,4634.30745044133,3.70680122803419,5.50901410920181,5.27007143607359,4.95701097837345
1,2375,V,C,1,10400.6394049032,3.62253865205783,5.85917387584182,5.46786891154153,5.06257502580658
2,2375,V,C,1,16041.1840830822,3.4119697175995,5.72546814080858,5.28898439989197,4.88038568716382
3,2375,V,C,1,23327.8660237177,3.43795429125871,5.6709015101774,5.18396678220869,4.83098725696028
4,2375,V,C,1,29814.5046453696,3.6251222212632,5.61993975588236,5.12924062167458,4.80945186587331
5,2375,V,C,1,30313.1608667726,3.83489667533156,5.5429110583975,5.10707799282049,4.81446801431568
6,2375,V,C,1,29737.8981801662,3.88917270641986,5.51648722575518,5.18914093298187,4.90774881526339
7,2375,V,C,1,28475.7248169905,4.05178024252176,5.41518950939691,5.15201467079676,4.91198637892687
8,2375,V,C,1,29558.0372154312,4.24481196920392,5.26996854877159,5.03399561994076,4.8234141866406
9,2375,V,C,1,27347.4756375392,4.27827518789665,5.33831105194939,5.08376629085007,4.97383437079979
0,2375,V,C,2,4407.61597606609,3.75912232285684,5.57373265165617,5.30504758303439,4.98953414605084
1,2375,V,C,2,11691.9225969244,3.5922762128023,5.8010702355305,5.45213002458718,5.02908959041322
2,2375,V,C,2,16572.1293503984,3.41779878374761,5.76463339376161,5.3158055467417,4.88369398705659
3,2375,V,C,2,24264.4584573079,3.54778012446503,5.7117596327261,5.12962169358247,4.74986470736352
4,2375,V,C,2,32756.3939080659,3.58263070942918,5.51348579040489,5.04328031723624,4.70845298058626
5,2375,V,C,2,34015.3649932771,3.72351859717502,5.39018593775333,5.01938602164706,4.72071817053364
6,2375,V,C,2,35593.0343835381,3.78842499212111,5.44146780971892,5.12674434698693,4.85475567055142
7,2375,V,C,2,30018.7565587834,3.9838140012769,5.46125528960037,5.17709903497634,4.95652410745264
8,2375,V,C,2,33535.6230593928,4.16208307801997,5.32671266010539,5.01310009959205,4.80757642831505
9,2375,V,C,2,28428.6755699355,4.23048576153443,5.37532278653005,5.07153484330484,4.97461721956034
0,2375,V,C,3,4840.89896672466,3.73511028107212,5.52178446019013,5.28909480190153,4.98731253832133
1,2375,V,C,3,10502.2825265643,3.57629969694386,5.83249152764972,5.49612228272636,5.04828188544651
2,2375,V,C,3,15810.7729534336,3.41672911283587,5.76115615181574,5.31990465513963,4.88277284334017
3,2375,V,C,3,23180.765093752,3.6019210209632,5.65371746704231,5.16422792838919,4.79103471013713
4,2375,V,C,3,28192.9876485875,3.59789743847291,5.56073331493839,5.0922307126276,4.76602089323797
5,2375,V,C,3,31535.1097016495,3.72087630276917,5.48218182921603,5.04313726705501,4.74806554326629
6,2375,V,C,3,32772.194807475,3.71666524239533,5.46477485932255,5.11419567095393,4.85043073877418
7,2375,V,C,3,33764.8570833631,3.94362308595733,5.43401970904374,5.18271801652023,4.95450459966703
8,2375,V,C,3,30468.0692290782,4.10894878351219,5.28516961375096,5.02886304789697,4.81276753168515
9,2375,V,C,3,26801.1217616757,4.09670673953693,5.35348751129737,5.10221722735296,4.97757357340971
0,2375,V,T,1,5597.33379101109,3.59223952498641,5.64241716372463,5.39238826420655,4.9910897469709
1,2375,V,T,1,14482.4171645964,3.73939128483269,5.94200450922235,5.48625633015671,5.04105145905909
2,2375,V,T,1,26635.7320608464,3.33412914071141,5.64281746847576,5.10413231701636,4.68138628072234
3,2375,V,T,1,37749.6160291861,3.4061997725269,5.45971664802546,5.08356772358104,4.72227554099853
4,2375,V,T,1,35367.4191903209,3.72560503592174,5.62640251995685,5.13725091227852,4.82255093402787
5,2375,V,T,1,33788.5653131067,3.91111740654495,5.60995642090002,5.15238567745694,4.86838801019697
6,2375,V,T,1,33126.7603933945,3.92734512774117,5.46221335485336,5.24023867192136,4.98513628326924
7,2375,V,T,1,33192.687261716,4.07162693302184,5.34543706154418,5.14854159426241,4.9805322944464
8,2375,V,T,1,29359.251432934,4.14505234418769,5.27430308248526,5.04087537968089,4.89387561183615
9,2375,V,T,1,27812.2199236586,4.20180928648744,5.30638868587784,5.10833623025145,5.02863268078764
0,2375,V,T,2,5641.55186536434,3.58483998145831,5.62103762699096,5.37670300212153,4.97604895514885
1,2375,V,T,2,14570.8650929922,3.81304080698559,5.89016612118779,5.39592356365049,4.98288925588078
2,2375,V,T,2,26232.7081694092,3.37925344767486,5.56505867728562,5.07027256178191,4.70342856680538
3,2375,V,T,2,38600.9873153898,3.29460362984788,5.39676190798527,5.02825615173979,4.70244678656102
4,2375,V,T,2,34121.6861081767,3.61768514569569,5.46204105312065,5.03961689960539,4.76914318831947
5,2375,V,T,2,34830.742688905,3.80108034829102,5.40753416185442,5.10357366161782,4.85414616738422
6,2375,V,T,2,30303.3223553932,3.95130985147589,5.41075345639057,5.18838748890271,4.96971073446792
7,2375,V,T,2,29086.8762981119,4.10387151894729,5.25142817273942,5.14629699649891,5.02327156166021
8,2375,V,T,2,29624.6402608834,4.24440350802739,5.18021620110758,4.99550332252524,4.90012679969714
9,2375,V,T,2,25195.9120886662,4.24474008020213,5.23361851870603,5.08753681248647,5.04891591411382
0,2375,V,T,3,5495.0048586651,3.56051440692227,5.57512295844875,5.38534944874948,4.9763052914496
1,2375,V,T,3,14567.7068895868,3.78669222967555,5.91167845929282,5.42514483045635,5.00784059169613
2,2375,V,T,3,24272.3936499954,3.36365202031631,5.60269730651923,5.06614812961487,4.69845584736911
3,2375,V,T,3,33634.9142713173,3.35414435636095,5.52133425372777,5.08746796942966,4.75688158722857
4,2375,V,T,3,35200.1619116609,3.63276886625374,5.53450517922358,5.06524679337642,4.77277366177547
5,2375,V,T,3,38561.8454947665,3.86544713956363,5.51997803038141,5.11757150100156,4.85526127203502
6,2375,V,T,3,31093.5912256933,3.99237486127799,5.53399578022015,5.23745432602058,5.02553268769391
7,2375,V,T,3,32177.860454963,4.13863356128115,5.33177393576363,5.17615843624078,5.04955539476365
8,2375,V,T,3,32321.455702061,4.26278728268502,5.30279572808548,5.0170629440408,4.9126731743903
9,2375,V,T,3,26347.7979535338,4.18817525766203,5.31007581502406,5.07010810895129,5.04141210819366
0,2524,V,A,1,3738.00570821867,4.53965111614886,5.71164276475974,5.64334914973798,5.58659178846295
1,2524,V,A,1,3495.02753800103,4.63006397293376,6.30341943579022,5.85187552538282,5.80183502826829
2,2524,V,A,1,3311.50333422534,4.67377467115803,6.17039872850133,5.91371403035943,5.87078322880378
3,2524,V,A,1,3348.22737269437,4.78702562224441,6.27198178926623,5.91154844876706,5.87683820084854
4,2524,V,A,1,3183.17505771077,4.88681406474378,6.45955578689952,6.00470874827366,5.96680696242628
5,2524,V,A,1,2798.98750891854,4.9264740595562,6.3953940924118,6.01097575643059,5.97222053917864
6,2524,V,A,1,2568.05198616856,5.01928431391716,6.62771048991007,6.11425960153536,6.11056191318766
7,2524,V,A,1,2688.45940118397,5.03908832732566,6.50566062854683,6.0745644726041,6.06360109949957
8,2524,V,A,1,2681.59739574702,5.09756502136588,6.47009327976095,6.05295615276151,6.03614235389199
9,2524,V,A,1,2369.12116862474,5.14325099662789,6.63042329678592,6.20605792552774,6.2250943313566
0,2524,V,A,2,3685.64142986912,4.47680956348378,5.77397211074646,5.68101045618253,5.62426148703771
1,2524,V,A,2,3470.81419752216,4.63757523961103,6.2569362602884,5.8438534007021,5.81318799557797
2,2524,V,A,2,3359.31255363834,4.68084882895152,6.17224478616255,5.9233652869984,5.89442893268877
3,2524,V,A,2,3280.27239262666,4.69109685312618,6.12494739650601,5.98921703256932,5.93276881002066
4,2524,V,A,2,3437.78471363517,4.83907841707687,6.48192044570448,6.07082366334532,6.0185804948643
5,2524,V,A,2,3560.86321533973,4.86304994801303,6.57010115203336,6.15518909032238,6.1013833339806
6,2524,V,A,2,2587.44715162715,4.92951053604085,6.76081300928507,6.33568418541326,6.31896964472081
7,2524,V,A,2,2856.01592932995,5.01579987218336,6.65168058242344,6.23386201332611,6.18382630573984
8,2524,V,A,2,2926.03608096616,5.04366660046434,6.5952172650327,6.22178567212493,6.16226137009335
9,2524,V,A,2,2886.41975830654,5.07187743172309,6.71328166598889,6.34404755228454,6.3114505117347
0,2524,V,A,3,3535.29807031624,4.50876827880403,5.75680662726472,5.72869080091663,5.6868110947882196
1,2524,V,A,3,3483.63791011824,4.64168931086433,6.33664858377113,5.8679631732053,5.82759637620041
2,2524,V,A,3,3433.95379224292,4.64161725956966,6.2268965137307,5.89313856208361,5.8565722454894
3,2524,V,A,3,3206.10447597051,4.71915396724393,6.20342370962827,5.98584662384106,5.92666595058767
4,2524,V,A,3,3214.79955131654,4.839199723291,6.50867384968501,6.03697415127892,5.97371623937902
5,2524,V,A,3,2920.83330731127,4.82401776512257,6.61258878720132,6.1545275297204,6.1161746785841
6,2524,V,A,3,2378.15262791506,4.93522899883476,6.72725866758621,6.34602120970237,6.33744425303865
7,2524,V,A,3,2897.25838973076,5.03783026991372,6.68623547063943,6.2557925014602,6.2105063459777
8,2524,V,A,3,2617.86846816573,5.02422834664398,6.60113605261846,6.23323445055366,6.17978978459415
9,2524,V,A,3,2438.82455822527,5.06029909207851,6.73125100092186,6.37250861488639,6.33123221155863
0,2524,V,AT,1,3766.67081765623,4.41646836078604,5.71825754767593,5.69841490553588,5.67026091155951
1,2524,V,AT,1,3566.85037244689,4.49751294486881,6.38077178813711,5.84817353862005,5.83410830160988
2,2524,V,AT,1,3402.42715937918,4.56300293141831,6.45792542209491,5.82796708221084,5.80280213398203
3,2524,V,AT,1,3039.78584898601,4.60077885446184,6.50604645300212,5.91618118579379,5.92645520849269
4,2524,V,AT,1,2749.92902921378,4.55665614121895,6.55190052351878,6.0131157116693,6.03588859198334
5,2524,V,AT,1,2373.36740239749,4.43771675885326,6.47284376570632,6.04315558774438,6.07450221534884
6,2524,V,AT,1,2064.97333545797,4.48199780688214,6.4866965936629,6.13097637932456,6.21299229392962
7,2524,V,AT,1,1916.96243970185,4.40247762787003,6.37981156904951,6.07693787339682,6.13932743077426
8,2524,V,AT,1,1487.65797868586,4.34606033869883,6.35626548147947,6.03099947081717,6.07719431822396
9,2524,V,AT,1,1338.20050040108,4.41255065672597,6.40986724571527,6.13588253080599,6.20252204411072
0,2524,V,AT,2,3736.81332929739,4.40497576361672,5.71956433684368,5.6917837698965,5.65284760754189
1,2524,V,AT,2,3517.55635477036,4.54175578988691,6.39573156105942,5.89254598770841,5.86210583515537
2,2524,V,AT,2,3460.79199532655,4.50050132338734,6.44339934036418,5.81656561861462,5.78274683654245
3,2524,V,AT,2,3218.65243602444,4.56386399715051,6.49406549221119,5.91218564758455,5.89210558279113
4,2524,V,AT,2,2944.47048203747,4.51741016739445,6.54318186630863,5.99485132770459,6.0181927835397
5,2524,V,AT,2,2675.17386222448,4.42939884428885,6.50714567234496,6.05597953597687,6.0952292247259
6,2524,V,AT,2,2391.70190663183,4.47427964847236,6.51392552208335,6.12122350215441,6.19534732402647
7,2524,V,AT,2,1979.80542267939,4.32070419596653,6.41202736739026,6.08616219681926,6.14659057024122
8,2524,V,AT,2,1848.17498809697,4.35873974260242,6.36795784331215,6.07590813633926,6.12370018644503
9,2524,V,AT,2,1651.37690504596,4.32740065424451,6.39432816841065,6.09851704852285,6.18035154597767
0,2524,V,AT,3,3698.97543623312,4.36684332075326,5.79541819905968,5.68574918518236,5.63185567469809
1,2524,V,AT,3,3959.86440329861,4.47313973081224,6.23928250516317,5.83860866465892,5.84189385108941
2,2524,V,AT,3,3371.4627792532,4.53967244072059,6.52353287535042,5.88160739499985,5.84427656725265
3,2524,V,AT,3,3081.20769307039,4.56207643000552,6.51968689503803,5.95670644257428,5.94830072429707
4,2524,V,AT,3,2951.13933162054,4.50681569145753,6.54686294254691,5.99264762297442,6.0020316015624
5,2524,V,AT,3,2678.33956126975,4.52062007820393,6.55478250837899,6.11085426674026,6.15891275464884
6,2524,V,AT,3,2436.60132365802,4.54161465752595,6.55895453902249,6.1694776049942,6.25016971564029
7,2524,V,AT,3,2180.068852781,4.49391754052481,6.51461415855857,6.16428365048554,6.22168703969004
8,2524,V,AT,3,2137.47241619276,4.4235927534534,6.454551802064,6.11833849549186,6.16208323847314
9,2524,V,AT,3,1773.18040135799,4.41524609616063,6.46970856880565,6.1682771393672,6.25763256822732
0,2524,V,C,1,3783.87178474825,4.84369064701928,5.90403842778843,5.70508500882229,5.60725444139229
1,2524,V,C,1,8438.94827520302,4.34874634432949,5.90121636744277,5.62211202780624,5.48678398334751
2,2524,V,C,1,10072.3940915697,4.18456311897678,5.86936247748957,5.53221933704534,5.39195038392596
3,2524,V,C,1,14003.7532801888,4.3006455032952,5.78679856441904,5.52996335900386,5.42802329963451
4,2524,V,C,1,17596.6049579637,4.53075152923141,5.72648991225418,5.51419668363299,5.40204319011737
5,2524,V,C,1,15828.813378392,4.79347249630843,5.52988701560297,5.52139441044921,5.40178648975842
6,2524,V,C,1,15034.4620732746,4.88911599494995,5.64951367471921,5.68216757549479,5.57223004863257
7,2524,V,C,1,15784.4906559361,4.96764992674192,5.80781818447899,5.58751016681333,5.53131056781437
8,2524,V,C,1,13998.7406359624,5.00809100414145,5.90111119778748,5.49773866004281,5.47547955586063
9,2524,V,C,1,11461.8527125536,5.04382150183288,6.00016170419301,5.59123073805084,5.67453850158206
0,2524,V,C,2,3488.43338169048,4.85160720255743,5.85343733004092,5.69190233945749,5.61753692702187
1,2524,V,C,2,7593.21099063902,4.36595305985687,5.91982102459308,5.67562250305591,5.50066499732742
2,2524,V,C,2,10569.8056915584,4.21165469726413,5.93370487932555,5.58586459262093,5.44584028513567
3,2524,V,C,2,14383.8584857342,4.30582267191661,5.69693889852087,5.44998673397116,5.33369873226466
4,2524,V,C,2,15569.7731834752,4.58346819763944,5.63594066054097,5.49328579184684,5.36609404189571
5,2524,V,C,2,16280.4354049427,4.79241211885035,5.50334159028754,5.49558972203727,5.379074746855
6,2524,V,C,2,15889.5017138867,4.77468264045882,5.50408290938262,5.5437909983896,5.43534180804964
7,2524,V,C,2,14160.5647927239,4.92923464201321,5.70063509445231,5.53130266624849,5.46668197816347
8,2524,V,C,2,14085.9535467699,4.9945465887415,5.90064205434803,5.49853127696851,5.47511730166104
9,2524,V,C,2,11943.1303898071,5.05392929789745,6.07500416670753,5.62154559740217,5.72403464560408
0,2524,V,C,3,3651.54955291534,4.86484485167962,5.83661532252428,5.69506189564111,5.61753888316393
1,2524,V,C,3,6809.95896278395,4.41174312751308,5.78626799644327,5.65868063179209,5.50263472126349
2,2524,V,C,3,9868.22793015534,4.25191915657494,5.86375777430421,5.59307033210746,5.44031554800549
3,2524,V,C,3,13311.0718549582,4.2939098760709,5.67784972858989,5.4563653903648,5.35776565898663
4,2524,V,C,3,16488.3309897701,4.48049724524713,5.5900156062758,5.53510331301927,5.42167696918259
5,2524,V,C,3,16470.1525527279,4.7353036634599,5.5271078531454,5.58598189532703,5.470972294745
6,2524,V,C,3,16148.2074212823,4.77671788099456,5.57947465487413,5.67660783545685,5.56737480785948
7,2524,V,C,3,13930.2978432224,4.98711104246977,5.8363466016539,5.64940927337767,5.59099676775814
8,2524,V,C,3,12596.2908539614,5.04372916621312,5.92061937258481,5.59087902706475,5.56379870966557
9,2524,V,C,3,9971.00298696731,5.06546593032401,6.13171260988911,5.72630800512244,5.81543235155301
0,2524,V,T,1,4820.11560844029,4.51120373035443,5.95735778776301,5.71197160756259,5.59724950487461
1,2524,V,T,1,12558.2231063854,4.19965332220009,5.97369769642143,5.62342470716336,5.51582234824213
2,2524,V,T,1,19703.4417373077,3.97955754491608,5.70090723709521,5.40237442115134,5.2545281141561
3,2524,V,T,1,22789.3009218288,4.48181801927703,5.66202655680054,5.5303499032355,5.43951224492526
4,2524,V,T,1,25309.5982918979,4.57357736291781,5.63420300374294,5.42011058446415,5.31740890509901
5,2524,V,T,1,27977.1406571664,4.84912062163801,5.76701038720267,5.46493486047904,5.37110453035286
6,2524,V,T,1,23100.2217752806,4.92549712423898,5.9363959513627,5.52456976565133,5.52021012943707
7,2524,V,T,1,21262.1729369019,5.07082561731042,5.89227696587121,5.45685690016198,5.59770150015092
8,2524,V,T,1,20422.8044092728,5.08689914173679,5.85981764392563,5.33749900936707,5.51360682437834
9,2524,V,T,1,18249.6299629625,5.07249814566551,5.81430320860266,5.41793987949117,5.6789093242412
0,2524,V,T,2,4623.65925263379,4.50404868622948,5.87531388119216,5.66621396221305,5.56020727414471
1,2524,V,T,2,13364.5782593497,4.16222637528404,5.87268612836592,5.52584651565913,5.46392937108384
2,2524,V,T,2,19460.2177825905,3.96178581832529,5.68313127231338,5.35677935546739,5.23102146289571
3,2524,V,T,2,21308.4778078781,4.37212726059252,5.61234904425512,5.45800010535597,5.3661990194318
4,2524,V,T,2,23967.0305692764,4.71419086228993,5.63724584324216,5.46982019823312,5.37967971295167
5,2524,V,T,2,22768.309952621,4.95512245674974,5.86008586851509,5.47354065453338,5.43068233109881
6,2524,V,T,2,22525.4620784128,5.02184956447751,6.03812693371788,5.51119419461159,5.6262105637321
7,2524,V,T,2,19851.0769178921,5.1161258493671,5.82725353779026,5.40125931732198,5.60965809508462
8,2524,V,T,2,21304.5386649319,5.11604685777599,5.76676825889815,5.2921975585228,5.51531134049651
9,2524,V,T,2,21071.1618217205,5.12553736381461,5.63959155234603,5.2873496276054,5.59432287707726
0,2524,V,T,3,4848.91489191365,4.53649979015517,5.91580059353393,5.72648396566659,5.60254230725306
1,2524,V,T,3,12333.6412246404,4.16302310504411,5.75761008409937,5.4892231653081,5.43864505491083
2,2524,V,T,3,17250.6564490052,4.02553103499942,5.72179786131234,5.41157215636023,5.32716892779281
3,2524,V,T,3,19320.5539096799,4.45156863199926,5.6822391346367,5.60386704278238,5.52143812165734
4,2524,V,T,3,28052.9763750912,4.44305499986834,5.67472656568192,5.42102235393322,5.35543356027908
5,2524,V,T,3,26669.2156550657,4.78182402812367,5.61831336522413,5.4299091916407,5.36885714475151
6,2524,V,T,3,25888.9781749271,4.82204738554527,5.79817653285946,5.50459856467149,5.48704201548064
7,2524,V,T,3,21640.683325464,5.01538646228783,5.91892768255932,5.47850700759072,5.62484437826054
8,2524,V,T,3,24505.7745781486,5.04415777004126,5.90500337747704,5.38014421305202,5.54402661452407
9,2524,V,T,3,19149.7386247458,5.00933496881588,5.84034456120918,5.45099701527298,5.69576178649263
